conv_id,turn_id,role,word,speaker_id,duration_min
51,0,seller,Sorry Okay I have started recording Um So yeah I guess um since you're the buyer what are your thoughts on the house and what would be your the kind of price range that you're looking for,1,4.809
51,1,buyer,"Um Well I think that the house has a lot of things that I'm looking for um especially in terms of like the year that it's built and just the neighborhood value itself Uh I'm thinking Range of my first offer is 220 or 220,000 Um What are you thinking of that",0,4.809
51,2,seller,Yeah Um So I definitely appreciate the offer Um I think just because of the fact that um the house is you know it's in a really um good neighborhood It was recently renovated and there's a lot of amenities and plus you know there hasn't been very many homes available to be sold in the area because it's such a highly coveted neighborhood Um As a result I think I'm not going to be comfortable accepting any um any price under 2 30 K Um And so I feel like my wood I just it wouldn't I guess if you if it makes sense it does it's I'm indifferent between like 2 30 K And any prices below 2 30 K And uh like regardless like not accepting the offer and like That that wouldn't it wouldn't make a difference to me And so I think I would like to start off with a counter offer of 270 k,1,4.809
51,3,buyer,Mm I think that is I appreciate the negotiation Yeah But I think that um in comparison to just some of the other areas of the other listings in that same neighborhood um Based off of the square footage and the selling prices for those there are some that offer much more two square feet uh and selling prices that are much less So I'm not based off of a lot of space and just what I'm looking for in terms of uh compare comparing with the other options that I have Um I'm not really willing to go Any higher than 235 k,0,4.809
51,4,seller,"Got it That makes sense Um I definitely hear your concern about the comparable houses Um I think part of the reason why um my initial asking price was higher than the other um selling prices of the list in neighboring homes is because those are all you know sold a while ago And so there because the neighborhood has gotten you know only increasingly popular There's definitely just like an increase in property value in just the general area Um I'm willing to go down to 245,000 if that works for you",1,4.809
51,5,buyer,Mm it's still a little too,0,4.809
51,6,seller,high,1,4.809
51,7,buyer,Um It's mostly I think the information that I've been given is that there some with their still very few listings but there are other options Um They're currently um and one that I have my eye on that is it has a lot very very similar characteristics to this listing Um But it has a bit more square footage more space Um And the selling price is actually only 233 k Um And I mean I'm willing to go Slightly more just to 35 but not I don't think I'm able to go higher than that,0,4.809
51,8,seller,Got it Um Let's see 2 35 Um would you be willing to do to 36,1,4.809
51,9,buyer,Um mm No,0,4.809
51,10,seller,Um so to 35 is your final offer,1,4.809
51,11,buyer,Yeah Yeah I think so,0,4.809
51,12,seller,Okay I will accept to 35,1,4.809
512,0,seller,Hello,1,4.68
512,1,buyer,Hello how are you,0,4.68
512,2,seller,I'm good how are you,1,4.68
512,3,buyer,I am very well thank you,0,4.68
512,4,seller,Okay,1,4.68
512,5,buyer,So I'm looking to buy your house Uh I really like it But I think the asking price of 214 is very very high So can you maybe bring your price down [PERSON],0,4.68
512,6,seller,I'm sorry to hear that But compared to all the other houses in the neighborhood I think my house really has a lot of newly decorated new appliances available that are worth the extra money,1,4.68
512,7,buyer,"I I understand this between $240,000 is very high So I am proposing maybe 220,000 I think this is a much better price",0,4.68
512,8,seller,"I'm sorry $220,000 It's just not the house I spent my time building or creating And really it's a comparative to all the other houses in the neighborhood for the square footage and for as much amenities that there is provided I think it's really worth $240,000 $220,000 Way too low and completely off the table",1,4.68
512,9,buyer,Okay Okay But then make me a better offer I mean the 240 is way too high to 20 is too low So just to make me a better offer because this house is uh it's quite old is built in the 1940s So it means it's uh it's not gonna be a very warm during the winter Uh It's quite far from the school So there's a few reasons why I think the price should come down So And your let's service to some business,0,4.68
512,10,seller,"Okay So although it is built in 1947 I still think that adds class to it You get that nice old architectural style and although it may be called you won't feel it with the two fireplaces that are provided However just for you maybe I can do 237,000",1,4.68
512,11,buyer,"No $3,003,000 You've come down You know this is not enough I mean I understand it's got character but this also means it's more maintenance on an old house like this It also means that if I want to heat it up like you said with a fireplace if there is gas I'm going to have to pay for the gas So it's it's all extra costs Uh so I'm leaning I'm leaning to maybe 225,000 I can go But I think this is much better",0,4.68
512,12,seller,"I am sorry 225,000 Still too low I don't know I can't do that for the again you're getting a built in 1947 that old architecture So it is 1800 and 46 sq ft of space But with that comes the four bedrooms the one recreation room and the 2.5 bathrooms I still think 25,000 is still to know Not only that this neighborhood not many houses have been bought It's a good neighborhood There's not much on the art market right now If anything I can go 231,000",1,4.68
512,13,buyer,"2 31 wow You you're you're very tempting Your offer is very tempting I tell you what if I put on the table 230,000 I will come up to 230,000 right now And that means you can have a deal and we can go enjoy our friday",0,4.68
512,14,seller,"I'm sorry but 231,000 It's the lowest I can go",1,4.68
512,15,buyer,"Really You're going to you're going to cut this deal for $1,000 I treated to 30 I think it's much fairer",0,4.68
512,16,seller,I've spent my time my joy in this house I,1,4.68
512,17,buyer,need I can imagine I can imagine So I think to 30 is a much better price for all of us I think we go away smiling and then we uh we we continue with our day Yeah,0,4.68
512,18,seller,230 1000,1,4.68
512,19,buyer,"Tell You What 230,500 How about this",0,4.68
512,20,seller,I'm sorry I just 230 1000,1,4.68
512,21,buyer,You're really going to stick on this 1008 No I don't think I'm gonna go up I think I'm going to stick with 213,0,4.68
512,22,seller,Okay No problem,1,4.68
512,23,buyer,Yeah You have a,0,4.68
512,24,seller,deal okay,1,4.68
519,0,buyer,Mhm,0,3.364
519,1,seller,mm,1,3.364
519,2,buyer,Okay I'm gonna,0,3.364
519,3,seller,And,1,3.364
519,4,buyer,record,0,3.364
519,5,seller,uh oh,1,3.364
519,6,buyer,Mhm,0,3.364
519,7,seller,and hear me alone,1,3.364
519,8,buyer,Hi Yes I can hear you Can you hear me,0,3.364
519,9,seller,Your men,1,3.364
519,10,buyer,I'm just trying to make sure I'm recording correctly Okay shall we get started,0,3.364
519,11,seller,Yeah You the bias So you gotta make enough,1,3.364
519,12,buyer,"All right Um So I've I've really enjoyed this property Um It looks really beautiful Um It seems like it's in a it's in a great area All the homes here around here are great Um I've been looking at some other comparable properties Um I think I want my initial offer to be um 220,000 I think",0,3.364
519,13,seller,Mm,1,3.364
519,14,buyer,it,0,3.364
519,15,seller,hmm,1,3.364
519,16,buyer,I know it's a little bit under the asking price I've looked around Um Some of the surrounding properties are our decent size bigger Um But this one is really um it's got all the amenities I want I think,0,3.364
519,17,seller,Yeah but I think,1,3.364
519,18,buyer,wow,0,3.364
519,19,seller,I think 220s way too low Mm I mean it's an offer for 2:40 You know I'm willing to maybe move on the price a little bit But you've got to do better than to 20 I understand your life to property Um,1,3.364
519,20,buyer,Mhm,0,3.364
519,21,seller,but there's no way I'll be letting you go for that price,1,3.364
519,22,buyer,Okay,0,3.364
519,23,seller,correct,1,3.364
519,24,buyer,Um Yeah I think we can work something out Um Yeah,0,3.364
519,25,seller,So what are you what are you feeling What does your gut say to you,1,3.364
519,26,buyer,yeah Um Yeah I mean so there's there's a neighboring home listed around 2:33 that's a little bit bigger So I'm thinking I could I could probably manage to bump it up to maybe 2 30,0,3.364
519,27,seller,Mm That's only 10 grand off the,1,3.364
519,28,buyer,Yeah,0,3.364
519,29,seller,asking,1,3.364
519,30,buyer,I,0,3.364
519,31,seller,price,1,3.364
519,32,buyer,know it's it's still a little under but I think given the the market on the neighborhood maybe that would be a little closer hopefully will be a little closer to what you're wanting,0,3.364
519,33,seller,I mean I was I was I was going to come down to 235 Um well I was gonna suggest 2 35 Um just because I've spent so much money on the house doing it up Bring it up to the standards that has got at the moment Um How About 2 3 3,1,3.364
519,34,buyer,233 Um Do you think we can meet in the middle 23,0,3.364
519,35,seller,Okay,1,3.364
519,36,buyer,1,0,3.364
519,37,seller,And,1,3.364
519,38,buyer,01-Feb,0,3.364
519,39,seller,uh,1,3.364
519,40,buyer,Mhm,0,3.364
519,41,seller,sure sure And I'll I'll throw in the case of beers as well,1,3.364
521,0,buyer,So,0,3.745
521,1,seller,Hello,1,3.745
521,2,buyer,hi Can you hear me,0,3.745
521,3,seller,I can hear you,1,3.745
521,4,buyer,Yeah Hi Good afternoon How are you doing,0,3.745
521,5,seller,I'm well how are you,1,3.745
521,6,buyer,"I'm good Thank you Yeah So thank buyer So the court hotel us 200,000",0,3.745
521,7,seller,Can you repeat that I'm sorry,1,3.745
521,8,buyer,"2,00,000",0,3.745
521,9,seller,is that what you're offering me today,1,3.745
521,10,buyer,Yeah,0,3.745
521,11,seller,"So unfortunately I can't accept that offer Um the list price is 240,000 There is a little bit of flexibility Um but it",1,3.745
521,12,buyer,Mhm,0,3.745
521,13,seller,"would have to come up pretty significantly from 200,000",1,3.745
521,14,buyer,"Okay What about 200 10,000",0,3.745
521,15,seller,So again I think you know I'd probably counter at 2:35 I'm willing to shave a little bit of money off of the price I'm also open,1,3.745
521,16,buyer,Mhm,0,3.745
521,17,seller,to negotiating closing costs Um The timeline when you would need the home but the price is really the sticking point,1,3.745
521,18,buyer,"Okay I can come up to 20,000",0,3.745
521,19,seller,Mhm,1,3.745
521,20,buyer,I will not defined,0,3.745
521,21,seller,No I think that's that's still that's still significantly below what I would be willing to part with the property for,1,3.745
521,22,buyer,Okay To where the maximum that they are willing to come down the best price,0,3.745
521,23,seller,So let me see here So I have 1840 square feet,1,3.745
521,24,buyer,Mhm,0,3.745
521,25,seller,So I could counter at 2:35 I mean looking at the price per square foot versus some of the comparables that I've sold in the past Um You know to 20 is still significantly below what properties have sold for many months ago So it would have to come up significantly And this is a really nice property,1,3.745
521,26,buyer,Mhm Mhm,0,3.745
521,27,seller,2 35 is my counter,1,3.745
521,28,buyer,And Whatever to 25 Think he got the best,0,3.745
521,29,seller,2 25,1,3.745
521,30,buyer,Yeah,0,3.745
521,31,seller,Mm I could do,1,3.745
521,32,buyer,Mhm,0,3.745
521,33,seller,2 32 500,1,3.745
521,34,buyer,Whatever to 26,0,3.745
521,35,seller,You're going to have to come up a little bit more than that Unfortunately I think you,1,3.745
521,36,buyer,Mm,0,3.745
521,37,seller,know this is really a special,1,3.745
521,38,buyer,Yeah,0,3.745
521,39,seller,property to me Um I've enjoyed my time here and I'm you know I don't you don't need to sell at this,1,3.745
521,40,buyer,And go on to 2 28,0,3.745
521,41,seller,I could do to 30 last and final,1,3.745
521,42,buyer,2 30,0,3.745
521,43,seller,U 30 last and final offer,1,3.745
521,44,buyer,Yeah Let's do that,0,3.745
523,0,seller,Hello Sure,1,5.657
523,1,buyer,Hello,0,5.657
523,2,seller,Hi I've pressed records so I'm ready to start,1,5.657
523,3,buyer,Okay I I pressed to record as well,0,5.657
523,4,seller,Awesome,1,5.657
523,5,buyer,"Okay I mm the buyer So I will start off um looking at the prices of houses with similar characteristics in the area I would like to get the price down to I think like 220,000 would be a good in between when looking at the square feet of the houses",0,5.657
523,6,seller,"Okay Um Yeah so I've lived in this house for a while and based on the area I can attest that it's relatively nicer than the ones nearby which is why the square or the price per square foot is relatively higher Um And uh so for that reason I would like to offer a price of To 40,000 which is I know a lot higher than what you had initially requested But I think we can maybe find um a happy medium In between our two proposed prices",1,5.657
523,7,buyer,Okay Yeah Um Let's see,0,5.657
523,8,seller,Mhm,1,5.657
523,9,buyer,Hi I'm I know that you said that it was nicer I am still concerned with the square feet though because I want a lot of room so I'm willing to Go up to you said to 40,0,5.657
523,10,seller,Yes to 40,1,5.657
523,11,buyer,Um,0,5.657
523,12,seller,would be the best,1,5.657
523,13,buyer,Mhm How about still looking You know in in square feet um 2 25,0,5.657
523,14,seller,Um I think so that's better but I think because um as someone who has been here for a long time and can really attest to the quality of this house I would prefer to hold on to the house rather than Uh sell if it would be around 225 Um I think that Ideally maybe to 35 that would be a good um bargain for me to drop the price a bit but um still keep it such that like the price per square foot makes sense for the quality of the house Um,1,5.657
523,15,buyer,Um Yeah I I understand where you're coming from It's hard to um sell a house that you're connected to and that has um you know how valuable it is Um I think though just looking at the square feet again,0,5.657
523,16,seller,Uh huh,1,5.657
523,17,buyer,"um The There's a house nearby that's priced at 233,600 and is 1,875 sq ft Um So that's a little bit bigger for a little bit less than 2 35 So is there any way we could get it to like 2 30",0,5.657
523,18,seller,"Um Yeah that's a lot better uh than the initial proposition Um I do think that even though it is um slightly cheaper for more space I feel like the quality of this house is just far superior to the neighboring places And um and I also understand that the amenities are pretty similar between the houses Um But I think maybe 2 30 four would be optimal Um Just bring it down from the initial 2 40 offer Um or maybe to 33,000 if that would be better to match the selling price of the nearby house that is slightly bigger",1,5.657
523,19,buyer,prison Um How about we get a good in between for the 2:34 and the 2:30 and due to 32,0,5.657
523,20,seller,Um Sorry I'm just reading the instructions again,1,5.657
523,21,buyer,You're,0,5.657
523,22,seller,Uh,1,5.657
523,23,buyer,good,0,5.657
523,24,seller,No Uh I think that sounds good I would be happy with 2:32,1,5.657
525,0,buyer,Hello I I think we're meant to record our negotiations maybe Uh Hello Hi Uh How are you,0,5.948
525,1,seller,Hi,1,5.948
525,2,buyer,I'm doing okay Um I,0,5.948
525,3,seller,I'm fine,1,5.948
525,4,buyer,think,0,5.948
525,5,seller,Are,1,5.948
525,6,buyer,we,0,5.948
525,7,seller,you,1,5.948
525,8,buyer,need to record what we're doing,0,5.948
525,9,seller,okay,1,5.948
525,10,buyer,Uh,0,5.948
525,11,seller,Yeah,1,5.948
525,12,buyer,At least on my Yeah,0,5.948
525,13,seller,I'm recording,1,5.948
525,14,buyer,I,0,5.948
525,15,seller,We,1,5.948
525,16,buyer,think,0,5.948
525,17,seller,love you,1,5.948
525,18,buyer,um there should be a button that just says record at least on my screen It only indicates that I'm recording but I could be wrong I'm not super sure Right Right,0,5.948
525,19,seller,I think,1,5.948
525,20,buyer,Right,0,5.948
525,21,seller,we just,1,5.948
525,22,buyer,Um,0,5.948
525,23,seller,have to,1,5.948
525,24,buyer,So,0,5.948
525,25,seller,click,1,5.948
525,26,buyer,on,0,5.948
525,27,seller,on the,1,5.948
525,28,buyer,your,0,5.948
525,29,seller,record,1,5.948
525,30,buyer,screen,0,5.948
525,31,seller,you know,1,5.948
525,32,buyer,next,0,5.948
525,33,seller,their,1,5.948
525,34,buyer,to,0,5.948
525,35,seller,into,1,5.948
525,36,buyer,your,0,5.948
525,37,seller,the court,1,5.948
525,38,buyer,name then is there like a red button That's flash Okay,0,5.948
525,39,seller,Yes,1,5.948
525,40,buyer,Sounds good Ah,0,5.948
525,41,seller,Yeah,1,5.948
525,42,buyer,Okay I I think I'm supposed to,0,5.948
525,43,seller,Yeah,1,5.948
525,44,buyer,start the negotiation Ah Yeah,0,5.948
525,45,seller,Yeah,1,5.948
525,46,buyer,I think just given the house and the space and everything Um I'm asking for I think to be fair,0,5.948
525,47,seller,Mhm,1,5.948
525,48,buyer,"like 218,000",0,5.948
525,49,seller,Well,1,5.948
525,50,buyer,if we,0,5.948
525,51,seller,does it would be too low if you compare into the value and standard,1,5.948
525,52,buyer,Ah,0,5.948
525,53,seller,of the house That would be too low What can you just Give,1,5.948
525,54,buyer,Sorry,0,5.948
525,55,seller,it give,1,5.948
525,56,buyer,what was,0,5.948
525,57,seller,it,1,5.948
525,58,buyer,that,0,5.948
525,59,seller,them to on 145,1,5.948
525,60,buyer,Uh huh,0,5.948
525,61,seller,I said the price you you mentioned is too low I think you just speak,1,5.948
525,62,buyer,Of,0,5.948
525,63,seller,to,1,5.948
525,64,buyer,"2,45,000",0,5.948
525,65,seller,"$145,000 years",1,5.948
525,66,buyer,is a lot higher than like the selling prices of much larger houses in the area Ah I,0,5.948
525,67,seller,Uh It's not uh when you compare,1,5.948
525,68,buyer,TRUE,0,5.948
525,69,seller,being communicated to the value and the standard of the of the house is very very good Um very variable And even even spend much,1,5.948
525,70,buyer,Um,0,5.948
525,71,seller,on,1,5.948
525,72,buyer,I,0,5.948
525,73,seller,on,1,5.948
525,74,buyer,think just like,0,5.948
525,75,seller,the innovation,1,5.948
525,76,buyer,In Appendix,0,5.948
525,77,seller,if it,1,5.948
525,78,buyer,two,0,5.948
525,79,seller,is,1,5.948
525,80,buyer,it says of neighboring houses with similar characteristics I mean that's almost what like 100 more square feet like that's like more money than a house with 100 more square,0,5.948
525,81,seller,Mhm,1,5.948
525,82,buyer,"feet of space Like a significant about I don't I don't think I can really uh Deal with 245,000 Sorry",0,5.948
525,83,seller,So how much are you willing to do after that,1,5.948
525,84,buyer,"to add to 218,000",0,5.948
525,85,seller,How much are you willing to add more on it Mm,1,5.948
525,86,buyer,oh,0,5.948
525,87,seller,Oh that is still too low Why can't I just make it Um,1,5.948
525,88,buyer,235,0,5.948
525,89,seller,235,1,5.948
525,90,buyer,is still a higher price than larger houses in the area I don't really have a reason to I could like very well by just the house that has 18,0,5.948
525,91,seller,Oh,1,5.948
525,92,buyer,1875 sq ft,0,5.948
525,93,seller,oh you know you know uh I just did some you know innovation I did do some interior design uh and I think became in the morning,1,5.948
525,94,buyer,Yeah,0,5.948
525,95,seller,so I think you won't have,1,5.948
525,96,buyer,But,0,5.948
525,97,seller,to spend more,1,5.948
525,98,buyer,again,0,5.948
525,99,seller,money,1,5.948
525,100,buyer,like,0,5.948
525,101,seller,when you,1,5.948
525,102,buyer,given,0,5.948
525,103,seller,move in,1,5.948
525,104,buyer,Appendix two I could just buy a different house that's larger and still has those renovations Because I guess just based on the hypothetical scenario right Like these houses are similar and in the same neighborhood and larger,0,5.948
525,105,seller,Uh,1,5.948
525,106,buyer,To,0,5.948
525,107,seller,huh,1,5.948
525,108,buyer,be honest,0,5.948
525,109,seller,Mhm So,1,5.948
525,110,buyer,I,0,5.948
525,111,seller,how much are you willing to add more to it,1,5.948
525,112,buyer,not much higher than maybe 2 21 I mean But,0,5.948
525,113,seller,That is too low Mhm Why can't you make it,1,5.948
525,114,buyer,no,0,5.948
525,115,seller,just make it out,1,5.948
525,116,buyer,because,0,5.948
525,117,seller,to around 30,1,5.948
525,118,buyer,again,0,5.948
525,119,seller,That's,1,5.948
525,120,buyer,like why,0,5.948
525,121,seller,okay,1,5.948
525,122,buyer,would I,0,5.948
525,123,seller,to,1,5.948
525,124,buyer,go,0,5.948
525,125,seller,around,1,5.948
525,126,buyer,for,0,5.948
525,127,seller,30,1,5.948
525,128,buyer,"uh I guess like from a buyer's perspective right Like I wouldn't have much reason to go for a house That's 230,000",0,5.948
525,129,seller,Mm,1,5.948
525,130,buyer,When there are larger houses that are more I guess like value,0,5.948
525,131,seller,Okay Okay,1,5.948
525,132,buyer,2,0,5.948
525,133,seller,So how,1,5.948
525,134,buyer,21,0,5.948
525,135,seller,much are,1,5.948
525,136,buyer,is,0,5.948
525,137,seller,you willing to after,1,5.948
525,138,buyer,pushing,0,5.948
525,139,seller,that,1,5.948
525,140,buyer,on my upper limit,0,5.948
525,141,seller,Yeah,1,5.948
525,142,buyer,What was,0,5.948
525,143,seller,Let's,1,5.948
525,144,buyer,that,0,5.948
525,145,seller,try and make it two on 23 So let's try and make it,1,5.948
525,146,buyer,"2,30,000",0,5.948
525,147,seller,to online to only 23,1,5.948
525,148,buyer,230,0,5.948
525,149,seller,"You are 223,000",1,5.948
525,150,buyer,Again like what I mean by that is that like that's so,0,5.948
525,151,seller,I mean I mean,1,5.948
525,152,buyer,Oh,0,5.948
525,153,seller,I mean I mean 2-3,1,5.948
525,154,buyer,"223,000 Um 223",0,5.948
525,155,seller,Yeah,1,5.948
525,156,buyer,So just to clarify uh 2-3000 Um,0,5.948
525,157,seller,Yeah yeah,1,5.948
525,158,buyer,Yeah,0,5.948
525,159,seller,yeah,1,5.948
525,160,buyer,"I can I can work with 223 1,100,000 Yeah",0,5.948
532,0,buyer,Hi,0,7.432
532,1,seller,Hi how are you,1,7.432
532,2,buyer,Fine And you,0,7.432
532,3,seller,Good good thanks for asking,1,7.432
532,4,buyer,Yeah,0,7.432
532,5,seller,How's your day been,1,7.432
532,6,buyer,Nice having been outside but but at least it looks nice and new,0,7.432
532,7,seller,Yeah I went outside for a bit I actually went hiking this morning which was very nice but now it's getting a little gray and kind of gloomy I think it's going to rain in an hour or two,1,7.432
532,8,buyer,Oh no hope not I was,0,7.432
532,9,seller,Yeah,1,7.432
532,10,buyer,planning to go for a walk after this Well,0,7.432
532,11,seller,Oh no well I think it starts at five so hopefully this you know if,1,7.432
532,12,buyer,there's,0,7.432
532,13,seller,it's,1,7.432
532,14,buyer,a,0,7.432
532,15,seller,done,1,7.432
532,16,buyer,little bit,0,7.432
532,17,seller,for,1,7.432
532,18,buyer,of time,0,7.432
532,19,seller,Yeah Uh,1,7.432
532,20,buyer,Perfect,0,7.432
532,21,seller,huh,1,7.432
532,22,buyer,So shall we get into this,0,7.432
532,23,seller,Yeah Um,1,7.432
532,24,buyer,Yeah on,0,7.432
532,25,seller,So,1,7.432
532,26,buyer,cassette,0,7.432
532,27,seller,I'm telling this house um you know I've owned it for a while I think um it's really great property really amazing location uh and just wonderful like amenities So the the asking price that I'm asking for is to 40,1,7.432
532,28,buyer,Perfect Great I I really like your house is really nice and I like the area I'm looking for the houses and as an investment not especially for for myself but,0,7.432
532,29,seller,Mhm,1,7.432
532,30,buyer,I I think your house meet the criteria I'm looking for But I I have some questions,0,7.432
532,31,seller,Yeah,1,7.432
532,32,buyer,Why are you selling the house is like it's so pretty Why are you moving,0,7.432
532,33,seller,Yeah You know I've decided to move,1,7.432
532,34,buyer,Mhm,0,7.432
532,35,seller,um just to be closer to my family actually and really sad to be moving because this was like you said it's a beautiful house wonderful area Um And you know I've worked on it myself to like build it up to the state that it's at right now so if it was up to me I wouldn't be moving but I just want to be closer to family,1,7.432
532,36,buyer,That's amazing Yeah I will do the same as you Okay great And what was like the last time this house was remodeled,0,7.432
532,37,seller,Um So I got a few some work done around last year so if you look at the hardwood floors they're finished hardwood floors Um And the master bedroom now has like an entire wall of closets So this was all stuff that I had done last year it's also pretty newly decorated Um And you know some of these decorations come with the house as well,1,7.432
532,38,buyer,Okay perfect Thank you for for all the information I think I'm I'm ready to give my my offer I am,0,7.432
532,39,seller,Mhm,1,7.432
532,40,buyer,willing to go to 210 K for this house I I did a research of what it's available and on sale right now in the area And I think that is what is fair because we can find the house is almost in that price range And I guess we can negotiate the price too So,0,7.432
532,41,seller,Yes,1,7.432
532,42,buyer,you can go way under that,0,7.432
532,43,seller,Unfortunately I don't think I can sell at that price You look at the prices in your of the houses nearby that have similar characteristic They are all you know more expensive than that and my house is actually one of the biggest houses in this area Um and just given how new the amenities are literally last year have them updated Um you know I think I would be asking for closer to 2:40,1,7.432
532,44,buyer,Mm Well to 40 is definitely outside of my range and it's also the highest asking price I guess it you may know it is usual that that we can negotiate when we're buying houses I've I've done this for a long time and and get a discount Also since we are treating directly you're not paying any any fees external fees for a broker So I guess we can try to take that in consideration Uh like if I'm I'm struggling here but I can take it to to 20 Like it's almost a meal between between,0,7.432
532,45,seller,Um,1,7.432
532,46,buyer,you and me,0,7.432
532,47,seller,So,1,7.432
532,48,buyer,diagnose,0,7.432
532,49,seller,I I,1,7.432
532,50,buyer,aeration,0,7.432
532,51,seller,don't think,1,7.432
532,52,buyer,these Um,0,7.432
532,53,seller,Yeah,1,7.432
532,54,buyer,I know your house is very pretty but it's also an and investment,0,7.432
532,55,seller,and I completely understand um you know if you look at the houses nearby there like of my size they're all at more than 2 30 I'd be willing to settle for 2 30 which is cheaper than the most of the houses nearby that have similar characteristics Unfortunately I don't think I can go lower than that Like I said I'm moving to be with family and like I do need the money that's why I'm not using a broker It's a lot easier to use a broker rather than have me do it directly But the reason I'm not is because I need this money Um So I mean comparing so if you look at the size of my house right 18 46 square feet you'll see the houses nearby 18 75 square feet It's 2 33 So I'd be willing to sell for 2 30 I think that's a really great price and if this is an investment um you know you'll be able to sell it for much higher in the future Like I've just remodeled addressing all these new things Um when you're two huge parks Um so I'm willing to go down to 2:30 but unfortunately I don't think I can go lower than that,1,7.432
532,56,buyer,if well thank you thank you for compromising some if we look at the other houses that are in the market right now the,0,7.432
532,57,seller,Mhm,1,7.432
532,58,buyer,second one is 1875 sq ft it's a little bigger than yours and it's at 233 starting price So so I guess we can push this to to 20 But like given that you are being very nice I can try to push it to 25 It's like the middle ground between me and you,0,7.432
532,59,seller,Yeah I think that's you know that's doable if we're able to do um You know like I said I just I'm not sure if I can sell below 2 30 I'm just looking here and,1,7.432
532,60,buyer,Okay,0,7.432
532,61,seller,like given the houses near buying me given um I don't know just just,1,7.432
532,62,buyer,But,0,7.432
532,63,seller,comparing,1,7.432
532,64,buyer,what,0,7.432
532,65,seller,it,1,7.432
532,66,buyer,you see like,0,7.432
532,67,seller,to the neighborhood,1,7.432
532,68,buyer,For the 233 like,0,7.432
532,69,seller,Mhm,1,7.432
532,70,buyer,I'm also I'm also going to negotiate and they can lower it down so like most I can do is well the meal between what I just offer I'm trying to Going between between the 225 and the 23 will be to 27.5 And I think that's it because I think I can buy the second house for lower than that definitely But I'm really like in your house,0,7.432
532,71,seller,I I really appreciate that offer and I really appreciate that you're willing to compromise with me Um I'm just you know like I said I'm really just not sure if I can sell blow Below 2 30 Um I understand that other houses you know you feel like you can negotiate with them as well Um And to 27 15 I mean that is a good offer and I do appreciate that Is there any way we can push it a little bit higher I'm just not sure if I'm able to sell Mhm,1,7.432
532,72,buyer,What are you proposing,0,7.432
532,73,seller,I mean if we can 28-29 even I'd be willing to settle for that,1,7.432
532,74,buyer,Okay I can do to 28,0,7.432
533,0,buyer,are you recording Can you hear me,0,3.855
533,1,seller,I can hear you can hear me,1,3.855
533,2,buyer,Yeah so you,0,3.855
533,3,seller,okay,1,3.855
533,4,buyer,are you recording,0,3.855
533,5,seller,I'm recording Yes,1,3.855
533,6,buyer,Okay so I really like your house I want to buy I'd love to buy your house Um So what is the best price you can do on the house,0,3.855
533,7,seller,Yeah Okay so the best price I can do is uh 2:35 My preferable The listing price is of course to 50,1,3.855
533,8,buyer,Yeah I mean 235 it's still a bit high for me I really like the house I've had a look it looks uh you know pretty pretty good condition I know you've had a reefer but recently um I was thinking more of 2-5 if I'm honest,0,3.855
533,9,seller,Yeah,1,3.855
533,10,buyer,Yeah,0,3.855
533,11,seller,so,1,3.855
533,12,buyer,Mhm,0,3.855
533,13,seller,Um as I said 2-50,1,3.855
533,14,buyer,Yeah,0,3.855
533,15,seller,is,1,3.855
533,16,buyer,Mhm,0,3.855
533,17,seller,the listing price um,1,3.855
533,18,buyer,mm,0,3.855
533,19,seller,and,1,3.855
533,20,buyer,Okay,0,3.855
533,21,seller,235 is the lowest price And I can afford um If I go below 235 then I will be making a loss,1,3.855
533,22,buyer,I understand I mean I know that this market is quite volatile at the moment so everybody's losing people are trying to sell it It's a bias market at the moment actually Um So I mean there must be some room for negotiation to bring the price a little bit down If we maybe bring it more towards the middle ground somewhere What do you what do you think if you can come down by a few 1000 I mean I'm happy to go maybe up 2-8 or something like this This could maybe work for me,0,3.855
533,23,seller,Oh uh 2-8 would be a pretty big loss for me Um,1,3.855
533,24,buyer,Uh huh,0,3.855
533,25,seller,I think,1,3.855
533,26,buyer,Yeah,0,3.855
533,27,seller,I could come down to maybe 233,1,3.855
533,28,buyer,Uh You see this is still a bit out of my price range because I am uh at the end of my financial you know everything I've got is into the house so unfortunately I can't go more then You know I can always borrow some money I can ask maybe ask my parents I can I can go for 230 but this would be the maximum that ah that,0,3.855
533,29,seller,Thanks,1,3.855
533,30,buyer,I'll be able to go to But even this is gonna be very difficult for me,0,3.855
533,31,seller,Um Okay 230 is pretty hard for me I'll be making a substantial loss already How about we settle on 231,1,3.855
533,32,buyer,No I think I have to consider borrowing all the money that I'm going to stick it to 30 I think we can have a deal at 230 We can both walk away quite happy,0,3.855
533,33,seller,Yeah Unfortunately 230 is really not possible for me Um Could you could you try talking to your bank a little bit Maybe we can we can stretch to 31 because 230 will really not be possible,1,3.855
533,34,buyer,I understand But uh this is the thing I had to borrow already so much to get to this point and I'm really going over my budget by by 5000 already So um we'll tell you what we can make it a 230 500 How about this,0,3.855
533,35,seller,Okay let's do 230 500,1,3.855
535,0,seller,Hello,1,14.482
535,1,buyer,Hi,0,14.482
535,2,seller,how are you doing Mhm Mhm Yeah,1,14.482
535,3,buyer,Fine thanks So let me press record Yeah,0,14.482
535,4,seller,yep,1,14.482
535,5,buyer,did you start recording Right okay So we are here to discuss the,0,14.482
535,6,seller,yep,1,14.482
535,7,buyer,purchase of the house Right okay And may I know,0,14.482
535,8,seller,Uh,1,14.482
535,9,buyer,why are,0,14.482
535,10,seller,Well,1,14.482
535,11,buyer,you selling,0,14.482
535,12,seller,you know,1,14.482
535,13,buyer,it,0,14.482
535,14,seller,been here a while um and it's time to move Uh Nothing wrong with the house or anything it's just need a change of venue,1,14.482
535,15,buyer,Okay So you knew,0,14.482
535,16,seller,Mhm,1,14.482
535,17,buyer,you would move Soon So that's why you didn't renovate,0,14.482
535,18,seller,Yeah,1,14.482
535,19,buyer,it because,0,14.482
535,20,seller,Yeah,1,14.482
535,21,buyer,the house is beautiful and everything you but you know it was built in 1947 that's,0,14.482
535,22,seller,This,1,14.482
535,23,buyer,70 years ago,0,14.482
535,24,seller,okay,1,14.482
535,25,buyer,and it's in a desperate need of,0,14.482
535,26,seller,Um,1,14.482
535,27,buyer,renovation,0,14.482
535,28,seller,I don't believe it's in desperate need of renovation actually I've done a lot of work to it over the over the years I've lived here um You know we we put in all new we re finished all the floors uh you know put in nice appliances the interior is completely redecorated we've uh updated all the brick on the outside which was extremely expensive Um And you know the landscaping has been done um So like I think yes it is somewhat old um but it's in really great condition and uh I don't think it'll need too much done to it in the future uh since so much has already been done Yeah,1,14.482
535,29,buyer,Okay Okay Got it Yeah I mean I really appreciate it is to be appreciated all the work that you've done in the house It's definitely um,0,14.482
535,30,seller,Yeah,1,14.482
535,31,buyer,I saw I realized that uh you the owners put a lot of effort into it But you know I've seen some other houses,0,14.482
535,32,seller,yeah,1,14.482
535,33,buyer,in the neighborhood which are selling for a lower price and simply they are less than a need of renovation,0,14.482
535,34,seller,Mhm Well,1,14.482
535,35,buyer,Hope,0,14.482
535,36,seller,you know,1,14.482
535,37,buyer,you can,0,14.482
535,38,seller,I,1,14.482
535,39,buyer,understand,0,14.482
535,40,seller,think um,1,14.482
535,41,buyer,Mhm,0,14.482
535,42,seller,yes there have been other houses in the area that have sold for less,1,14.482
535,43,buyer,Yeah,0,14.482
535,44,seller,um But then you know they don't think they have the same attributes You know they they don't they don't have that updated interior or that resurfacing on the bricks Um And I think you know they're similar but honestly like you know it being my home that I've lived in for several years I really have a fondness for and I think it really stands out as a as a good choice in the neighborhood especially since there's not very much else being sold in the neighborhood currently Uh My house is the only one on the market uh And I was the only one that's been on the market for for a little while Um The other houses were sold you know a bit longer ago So I think um you know if if you're interested it's definitely time you know to to buy now uh as opposed to later just because you know you've seen these houses in the area have been going uh they have been selling um so you know definitely want to get on that uh if you can Mhm,1,14.482
535,45,buyer,Yeah,0,14.482
535,46,seller,Right,1,14.482
535,47,buyer,I mean I totally agree and I'm definitely very interested in buying your home I am just doubting the price that you initially stated,0,14.482
535,48,seller,Yes,1,14.482
535,49,buyer,Could you please repeat,0,14.482
535,50,seller,so,1,14.482
535,51,buyer,your,0,14.482
535,52,seller,I'm,1,14.482
535,53,buyer,initial,0,14.482
535,54,seller,"asking 240,000",1,14.482
535,55,buyer,"price Okay So my proposal is if we could go with 220,000 I would participate immediately And trust me you'll you'll have a great trouble finding another buyer",0,14.482
535,56,seller,Well,1,14.482
535,57,buyer,asking that high price for a house It was Built 70,0,14.482
535,58,seller,Well you know so,1,14.482
535,59,buyer,years,0,14.482
535,60,seller,I,1,14.482
535,61,buyer,ago,0,14.482
535,62,seller,"can't do 220,000 I think You know it's not really the age of the building that that you know commands the price I think it's it's the complete picture you know um there's buildings all over the country that are you know hundreds of years older and they they're still they're still working just fine so I don't think you know you should really get hung up on on the age of the house Um more of you know what the the style is you know how how it's been how it's been maintained over those years That's really important because you know good maintenance can have a structure last for hundreds of years you know um if it's just like a car even you know if you if you don't maintain it well it's not gonna last very long but if you do maintain it well uh it'll it'll keep running for forever And I think you can see that you know we've we've we've been maintaining it pretty well It's also got a really great location it's right in your restaurants and an easy public transportation It's near the parks Uh It's also got a really nice backyard fully fenced You know if you have pets that be great it's got it's got old trees and you know a lot of places in new developed areas they come in and either they clear cut everything and make the development Or they just cut off all the trees and they plant new ones Well you know you can't you can't get an 80 year old tree um Many places in the backyards of many houses So that's really a TRUE attribute to have",1,14.482
535,63,buyer,Yeah,0,14.482
535,64,seller,if you can have old growth um plant and plant growth you know in your residence Uh It really adds to the value in a way that you can't really replicate um with like a quick fix Um I you know I've been thinking about it and um I would I could definitely go uh to 235 1000 Um if you could meet me there there's definitely there's definitely a little wiggle room,1,14.482
535,65,buyer,I see I see So it all makes perfect sense to me what you are saying Uh The reason why I'm concerned about the age of the building is because there was a significant technical technological development in the construction materials mean in the meantime so um and I'm coming I'm moving from um neighborhood or a place of the earth that was heavily affected by the earthquake So I'm really I have a terrible fear of earthquakes and I have witnessed that,0,14.482
535,66,seller,Yeah,1,14.482
535,67,buyer,breaks are not good Do not do well in earthquakes because they do even more damage than cement or some other material would So and I know that this environment it's also susceptible to earthquakes and hurricanes So for me it's more uh I care a great deal about the construction materials and the technology used rather than the style when it comes to oak trees I agree And I really love seeing and having eight year old oak trees in my garden but you know that leaves me with less space to plant new plants Um And it's part of a having a home that you personalize it and make it comfortable for yourself And also another great concern that I have is that your garage can stand only two cars and we would need,0,14.482
535,68,seller,Uh huh,1,14.482
535,69,buyer,a garage for four cars So basically it means that we would have to um enlarge it like widen it Also could you say something about the part of the centennial park Because I've heard it was quite dangerous in the evenings and nights I've heard it um it's a place,0,14.482
535,70,seller,Yeah,1,14.482
535,71,buyer,where gangs hang out so I'm that's another concern that I have that it's not that that's safe,0,14.482
535,72,seller,Okay,1,14.482
535,73,buyer,neighborhood,0,14.482
535,74,seller,Well yeah I think you know I've I've been here for several years now and really there hasn't been any problem with crime um In in the nearby area I've I've never had any issues and talking to my neighbors Uh We haven't really seen much um Now I don't I don't really go to the park,1,14.482
535,75,buyer,Mhm,0,14.482
535,76,seller,late at night Um I don't I don't think many people do uh just because it's on the lit um And so there's not really much you could do there Um But you know if you're concerned about walking around the neighborhood at night maybe walking your dog it's it's completely safe Um The roads are well it it's just the park that's not because no one really goes to the park at night Um But you know you can also look at the town council to possibly put in lighting uh if you're concerned once you've moved here Um And I think you know to your point of like natural disasters and that such I think you know having all of these houses in the area that are old there are older ah and seeing that they've been here for so long I think it's a testament to how safe the area is Um If if there were lots of earthquakes and hurricanes or even uh tornadoes in this area I don't think they'd still be standing here if if the building quality wasn't wasn't superb and I think really you know back then they built things they built things to last Um And you know if you're really I don't think any house even modern day houses can really withstand earthquakes and tornadoes I I've seen you know tornadoes like completely destroyed modern houses Um So if you're worried about that I would I would be hesitant for you to to buy any house um simply simply on that point Um But but I really think this area is very very safe and the house I mean it's it's been standing for a while and it it has a lot longer to go It's got it's got good bones Uh As people often say uh and it looks it looks great you know from from the outside and the inside,1,14.482
535,77,buyer,Okay let's let's switch to talking figures because it's in our both best interest to to save as much effort and time,0,14.482
535,78,seller,Of course,1,14.482
535,79,buyer,as possible in the process,0,14.482
535,80,seller,Yeah Yeah,1,14.482
535,81,buyer,"So uh The I can really appreciate your your offer of 235 but unfortunately I can offer you only as much as 227,000 because that's uh that's the maximum that I can get from a bank at the moment and I can close a deal for the bank loan tomorrow and you would have a cash",0,14.482
535,82,seller,Okay,1,14.482
535,83,buyer,in two days,0,14.482
535,84,seller,so,1,14.482
535,85,buyer,on your account,0,14.482
535,86,seller,you know I've had it on the market for a little bit Um so you know I'm prepared to wait a little bit longer But could you could you meet me in the middle at 230 with that work for you and and you can have you can have a few extra weeks if you need that I'll,1,14.482
535,87,buyer,Yes,0,14.482
535,88,seller,make sure that you have it,1,14.482
535,89,buyer,"Oh Okay Yeah we we can make such a deal So 230,000 and uh let's say I would have a 3",0,14.482
535,90,seller,sure,1,14.482
535,91,buyer,#NAME?,0,14.482
535,92,seller,Yeah,1,14.482
535,93,buyer,weeks,0,14.482
535,94,seller,that works,1,14.482
535,95,buyer,to pay you out,0,14.482
535,96,seller,Yeah Yeah,1,14.482
535,97,buyer,Okay I'm,0,14.482
535,98,seller,Yes,1,14.482
535,99,buyer,glad we reached,0,14.482
535,100,seller,Congratulations,1,14.482
535,101,buyer,a deal here,0,14.482
535,102,seller,Uh huh,1,14.482
535,103,buyer,That has you to thank you,0,14.482
535,104,seller,Yeah,1,14.482
535,105,buyer,Okay Can we,0,14.482
535,106,seller,I,1,14.482
535,107,buyer,stop recording,0,14.482
535,108,seller,think we should probably,1,14.482
535,109,buyer,do,0,14.482
535,110,seller,keep,1,14.482
535,111,buyer,you think,0,14.482
535,112,seller,it going until we return It looks like it looks like we have,1,14.482
535,113,buyer,Not,0,14.482
535,114,seller,two,1,14.482
535,115,buyer,sure,0,14.482
535,116,seller,minutes left,1,14.482
535,117,buyer,Okay,0,14.482
535,118,seller,No,1,14.482
535,119,buyer,Yeah I think we're really considered a lot of details and,0,14.482
535,120,seller,Yeah,1,14.482
535,121,buyer,through it thoroughly,0,14.482
535,122,seller,Channeling my inner like H G T V House hunter Okay Yeah,1,14.482
535,123,buyer,Mm Do you know what it means Split level style,0,14.482
535,124,seller,Yes,1,14.482
535,125,buyer,like under,0,14.482
535,126,seller,so,1,14.482
535,127,buyer,the description,0,14.482
535,128,seller,it's um it's a,1,14.482
535,129,buyer,in,0,14.482
535,130,seller,house,1,14.482
535,131,buyer,appendix,0,14.482
535,132,seller,type that instead of having like 14 that's the ground floor and then like 14 that's the second story Uh It's kind of more like it changes a little bit more so um there's there's like different like the one level instead of just being all flat and might have like two or three different levels in its like maybe the entryway is like a little bit above the den or like the living room or the kitchen might be raised a little It just kind of breaks up the space a little bit Uh And it's just a different style Um I think I lived in a split level of in this scenario I live in a split level But in real life I lived in a split level at my last house So Indeed,1,14.482
535,133,buyer,Okay God God I I just have never heard,0,14.482
535,134,seller,yeah,1,14.482
535,135,buyer,this,0,14.482
535,136,seller,Yeah,1,14.482
535,137,buyer,term,0,14.482
535,138,seller,it's it's just another type of house I guess Four plan Mhm,1,14.482
535,139,buyer,Okay,0,14.482
535,140,seller,Yeah,1,14.482
535,141,buyer,Okay I will be pressing leave the room and messaging,0,14.482
535,142,seller,Okay,1,14.482
535,143,buyer,the,0,14.482
535,144,seller,Yeah,1,14.482
535,145,buyer,hosts,0,14.482
535,146,seller,I'll leave too,1,14.482
535,147,buyer,that were done So,0,14.482
541,0,seller,Hi,1,4.092
541,1,buyer,Hello,0,4.092
541,2,seller,Well hello,1,4.092
541,3,buyer,Uh huh,0,4.092
541,4,seller,Yo,1,4.092
541,5,buyer,Yes I can hear you,0,4.092
541,6,seller,Yeah,1,4.092
541,7,buyer,Great Um,0,4.092
541,8,seller,Yeah,1,4.092
541,9,buyer,So this is a nice house but it's unfortunately within,0,4.092
541,10,seller,Mhm,1,4.092
541,11,buyer,not within my price range So I was wondering if you'd be willing to maybe lower,0,4.092
541,12,seller,Okay,1,4.092
541,13,buyer,the price,0,4.092
541,14,seller,I can't lower the price I can lower the price because the house is a beautiful house is well structured It has all things you need I believe when you eventually for she said um you won't have more to spin when we're moving is very close to the park,1,4.092
541,15,buyer,Yeah,0,4.092
541,16,seller,very closely to the store What's clearly very close to um Well my store so I think you really integrate,1,4.092
541,17,buyer,Yeah I don't doubt that But there are neighboring homes with very similar characteristics like being near the park and having very similar features Um And some of them are even like have less square footage but are have around the same square footage sorry but,0,4.092
541,18,seller,Mhm,1,4.092
541,19,buyer,"um are actually cheaper Um So I was considering possibly going to um find those houses instead one of those houses instead of this one But I do have a keen interest on this one Um Just because I think it is nicely decorated and such but uh I do think 240,000 a bit too much for our desired",0,4.092
541,20,seller,So,1,4.092
541,21,buyer,price range,0,4.092
541,22,seller,how much are you willing to pay,1,4.092
541,23,buyer,mm Maybe 2 2 30 To 30K,0,4.092
541,24,seller,Mhm,1,4.092
541,25,buyer,I think would be a reasonable price range But again I am willing to talk um and see if there's other prices like what you're willing to except um I do think to 40 is very,0,4.092
541,26,seller,Yeah,1,4.092
541,27,buyer,um it's too much um,0,4.092
541,28,seller,Why,1,4.092
541,29,buyer,for,0,4.092
541,30,seller,can't you just,1,4.092
541,31,buyer,the,0,4.092
541,32,seller,make,1,4.092
541,33,buyer,price,0,4.092
541,34,seller,it to 35,1,4.092
541,35,buyer,"I could probably do 235 but I do think it would be better to do it lower just because again I'm looking at the neighboring houses Since the square footage is 1846 I'm looking at the one that square footage 1875 and it's 2:33,000 So just because the square footage is a bit less um for this house I would want it the pricing range to be a bit less",0,4.092
541,36,seller,country,1,4.092
541,37,buyer,as well,0,4.092
541,38,seller,add more to eat,1,4.092
541,39,buyer,Mm I am pretty comfortable with 2 30 Um ideally I would even want it to to 20 but I I don't know he'd,0,4.092
541,40,seller,Mm,1,4.092
541,41,buyer,be willing to go that low but I I think I'm I'm,0,4.092
541,42,seller,I'm,1,4.092
541,43,buyer,more,0,4.092
541,44,seller,willing I'm willing,1,4.092
541,45,buyer,I,0,4.092
541,46,seller,to go,1,4.092
541,47,buyer,prefer,0,4.092
541,48,seller,I'm,1,4.092
541,49,buyer,to,0,4.092
541,50,seller,really allow,1,4.092
541,51,buyer,Jody,0,4.092
541,52,seller,it to go I'm willing to offer it um for you Uh the rate of 200 and solitary Yeah,1,4.092
541,53,buyer,2 33,0,4.092
541,54,seller,Yeah,1,4.092
541,55,buyer,mm I think I would want to just a bit less just because the square footage is a bit Time is a bit less than that 1875 Um so that's why I'm a bit more hard,0,4.092
541,56,seller,Yeah,1,4.092
541,57,buyer,set on the 230,0,4.092
541,58,seller,Yeah Okay I'll give it to you at 2:30 PM Yo,1,4.092
541,59,buyer,Yes 2 30 Okay I think I'm fine with that Um I'm not sure you'd be,0,4.092
541,60,seller,I'm,1,4.092
541,61,buyer,willing to go any,0,4.092
541,62,seller,not,1,4.092
541,63,buyer,lower,0,4.092
541,64,seller,I'm,1,4.092
541,65,buyer,Right,0,4.092
541,66,seller,not going to go lower than that But yeah 2 30,1,4.092
541,67,buyer,You're not,0,4.092
541,68,seller,is,1,4.092
541,69,buyer,okay,0,4.092
541,70,seller,good for me Uh huh,1,4.092
541,71,buyer,Okay,0,4.092
541,72,seller,Good,1,4.092
541,73,buyer,then,0,4.092
541,74,seller,and,1,4.092
541,75,buyer,I'm fine,0,4.092
541,76,seller,I believe,1,4.092
541,77,buyer,of 2:30,0,4.092
545,0,seller,Okay I'm good to go,1,10.3
545,1,buyer,ready,0,10.3
545,2,seller,Mhm,1,10.3
545,3,buyer,All right Hello seller How are,0,10.3
545,4,seller,Bye,1,10.3
545,5,buyer,you,0,10.3
545,6,seller,bye Oh,1,10.3
545,7,buyer,Hello how are you today,0,10.3
545,8,seller,I'm good I'm excited to meet with you,1,10.3
545,9,buyer,I'm excited to meet with you as well So my family and I have been looking around the area and this is basically our last stop This is the last house that we have seen We've checked the entire area And this is the house that we love the most But,0,10.3
545,10,seller,Yeah,1,10.3
545,11,buyer,there are a few things that I wanted to talk to you about,0,10.3
545,12,seller,Sure,1,10.3
545,13,buyer,"just doing research on the area I did see that a similar house which actually has more square feet Um 1,875 square feet Is selling for $233,000",0,10.3
545,14,seller,Mhm,1,10.3
545,15,buyer,"So the 240,000 is a little bit above what we think would be acceptable for this area given the square footage um is a little bit smaller than that It's about a difference of about 30 square feet with this house that you're asking Um",0,10.3
545,16,seller,What,1,10.3
545,17,buyer,so what is the difference that that you know houses what's the difference between this house and other houses in the area,0,10.3
545,18,seller,Right I mean that's a really good question I've always so I've lived here for several years and this house has a lot of history being in centennial Park Um But I've always just felt like the house I've lived in is one of the nicest in the area I totally understand where you're coming from I also saw that there was a house with more square feet priced for a little less than what I'm asking for But I think less reflected in the actual square feet of the space is are all of the amenities happening inside the space that make it so much so much of what it needs to feel like a home at least that's what it's been for me these past um these past several years So inside I don't know if you know this already but I just want to remind you of some of my favorite things at least about it Um There are finished hardwood floors two fireplaces I mean and yes there are four bedrooms but in the master bedroom um it has its own master bathroom so that adds to that 2.5 bathrooms um characteristic but inside the master bedroom itself there's also an entire wall of closets Now I don't actually live in the master bedroom my mom does but she has such a large collection of clothes she's brought over with her um from overseas and it's just it's it's been one of the ways she's able to make a home in this new space um since having come to America uh in the first place and also inside um you know part of part of making it a home like we have this beautiful Eden kitchen and it's already filled with appliances Um You guys are definitely welcome to bring in your own but it's pretty well stocked with what you'll need to cook almost anything you really want to and its newly decorated so that furniture will be staying within this space So I know the price of asking for is high but it comes with so many things inside of it already um that I think adds to the value,1,10.3
545,19,buyer,"Sure And I see all of these amenities and I think they're great and that's one of the reasons why my family and I really like this house but at the same time um that similar house of 2300 um $233,000 actually have more amenities And My concern is here's my concern And I'm going to say I'm gonna explain to you what my thought processes and then I'll try to talk to you about a price that we feel comfortable with and see if we would be able to negotiate on that",0,10.3
545,20,seller,Okay,1,10.3
545,21,buyer,But because the house was built in 1947 and I do see that the inside amenities were newly decorated but I do see that the house needs a new paint job Um I see that there's chips all over the walls on the outside especially in the crevices So that would um be something that we would have to pay for purchasing the house So it needs a little bit of remodeling And then also,0,10.3
545,22,seller,Mhm,1,10.3
545,23,buyer,"um I see that the floors there's also some chips in the cracks between the floors in the kitchen Um And so we would need to polish the floor and possibly fill in those cracks Also we would have to replace the air conditioning because it is newly decorated on the inside but because it's old and it was built um More than 50 years ago we would have to do that and then also replacing all the lights So based on my calculation here that would total about $5,000 in repairs and just little touch ups which isn't much Um And then on top of that so that would take us down to let's say from From a to 40 that would take us down to 2:35",0,10.3
545,24,seller,To live right,1,10.3
545,25,buyer,And,0,10.3
545,26,seller,Right,1,10.3
545,27,buyer,"then a new floor um inside the kitchen because I do see all of these cracks and crevices so we'd have to basically replace the whole floor and then polish it And uh the lowest quote I could get from a floor [PERSON] was $3,000 to do that So",0,10.3
545,28,seller,mm,1,10.3
545,29,buyer,that,0,10.3
545,30,seller,hmm,1,10.3
545,31,buyer,would then take us down to 2 32,0,10.3
545,32,seller,Mhm,1,10.3
545,33,buyer,"Um And so let's say that I feel comfortable going with A 2 32 um But at the same time here's my here's my worry is that that similar house that we were looking at that $233,000 1 that has 1875 square feet has",0,10.3
545,34,seller,Mhm,1,10.3
545,35,buyer,three fireplaces It has um it has the same bedrooms it has three bathrooms Um and that's where they make up that square feet in that,0,10.3
545,36,seller,Yeah,1,10.3
545,37,buyer,"bathroom Um and it's only $1,000 more So you know I want to buy this house I like this house better I like the location better Um but now you know I would offer my starting price of $225,000",0,10.3
545,38,seller,Okay,1,10.3
545,39,buyer,Right,0,10.3
545,40,seller,225 And I you know I'm hearing everything you're saying and it makes a lot of sense You know I've actually had this house listed for about a month and we haven't had really any solid,1,10.3
545,41,buyer,mm,0,10.3
545,42,seller,firm offers,1,10.3
545,43,buyer,Mhm,0,10.3
545,44,seller,So it's really excited um that you guys were so interested in reach out to me in the first place and you know it's been a couple of weeks um so I totally understand how difficult this housing search process can be like Um And,1,10.3
545,45,buyer,Sure,0,10.3
545,46,seller,so I hear especially like the comparisons with the other house listing Um and so while I'm definitely flexible on the 240 um I'm wondering if you would be open if I were to make the price to 30,1,10.3
545,47,buyer,Okay So,0,10.3
545,48,seller,25 is just a little too low for comfort for me to be able to sell it,1,10.3
545,49,buyer,Sure What about 2:27 Let's go halfway here,0,10.3
545,50,seller,Who to 27 Mm Because like you know in making this move I'm also sort of trying to prepare for other housing with my family Well hearing on what you say with the more square feet um three fireplaces and the three bathrooms,1,10.3
545,51,buyer,Yeah,0,10.3
545,52,seller,"Um One thing I also really appreciate Um I'm not quite sure what your family dynamic is like but I mean for us I'm still rather young and then my parents um slightly like of an earlier the whole split level style has been really interesting Um where a family of four And so I really like that dynamic of privacy and that Not all the bathrooms I'm sorry not all the bedrooms are upstairs we have my brother's bedroom is downstairs and then the master bedroom and the other two are upstairs But there's been something about this split level Also still within being a smaller space where it feels like despite the lack of square feet there's enough room in the house for people to really carve out their own spaces And so despite yeah I guess like the differences are more bathrooms and like the three fireplaces of like being more recreational and adding to the atmosphere I think there's there's something special you can find in the corner of this house for everyone and for sure it's a fixer upper I won't deny any of that And I'm really sorry you couldn't find a lower quota for the flooring because that's super important to you know sort of building those like concrete structures and like feelings of stability Um All of this is to say would I be able to push you for a little higher maybe Let's say what was the last thing he said to 27 let's say like 200 85,000",1,10.3
545,53,buyer,285,0,10.3
545,54,seller,Mhm,1,10.3
545,55,buyer,But you're asking price was 2:40,0,10.3
545,56,seller,Oh my God wait hold on let me,1,10.3
545,57,buyer,Oh,0,10.3
545,58,seller,do math when we do math Wait so sorry you said to 27 sorry 200,1,10.3
545,59,buyer,"yes $287,000",0,10.3
545,60,seller,20 Yes Yes Oh my God Okay 228 500 I think that's what I meant to say So Very sorry,1,10.3
545,61,buyer,"Okay You know what how about how about we just do a flat to 28,000",0,10.3
545,62,seller,"2 28,000",1,10.3
545,63,buyer,"228,000 And honestly",0,10.3
545,64,seller,Yeah,1,10.3
545,65,buyer,"I think that's fair given the other one selling at 233,000 more square feet more amenities less of a fixer upper And that's just a difference of 5000 And I'm willing to take you know a little bit of loss on the cost comparison with that house just because I love this one so much more We my I have two daughters Um And then I have my my parents that are also we're also looking because we like the split level as well because it's me and my husband my two daughters and then my my in laws So my husband's um mother and his father as well We're looking to also house them because they are getting older Um So the split level for us it's just it's perfect because we have the you know in laws on one level we have the kids and then we have us So",0,10.3
545,66,seller,Mhm,1,10.3
545,67,buyer,we really liked that split level style Um But you know 2 to 28 is pushing it but we can do it it's within our budget Um It's just you know going up going up a little bit more it's just a little bit difficult you know we're in tough times right now to um so to 28 is Probably my final offer and I'm hoping that you can bring it down from that 500 so that we can get this deal done,0,10.3
545,68,seller,Yeah You know what I'm very comfortable with,1,10.3
545,69,buyer,Uh,0,10.3
545,70,seller,the 2,1,10.3
545,71,buyer,huh,0,10.3
545,72,seller,28 taking,1,10.3
545,73,buyer,Right,0,10.3
545,74,seller,into account sort of all the other expenses your family will be needing at the end of the day,1,10.3
546,0,seller,So I guess that could he send us So Hello Yeah,1,14.519
546,1,buyer,Hi,0,14.519
546,2,seller,Um Get to negotiate about part of the houses,1,14.519
546,3,buyer,Yes,0,14.519
546,4,seller,Do you want to go first I'm not really sure,1,14.519
546,5,buyer,Um Sure Yeah Okay so I see That the asking price is 2:40,0,14.519
546,6,seller,Mhm,1,14.519
546,7,buyer,Um And I was actually wondering if there would be a way we can lower it just a little bit Um,0,14.519
546,8,seller,Mhm,1,14.519
546,9,buyer,My ballpark is generally in that range but I have some things you know I have a lot of student loan debt I'm trying to start a family and with that being said I was hoping we could potentially lower the price of the house,0,14.519
546,10,seller,Yeah,1,14.519
546,11,buyer,What would there be another offer that you would be okay with,0,14.519
546,12,seller,Um To me I don't really really really know Um Okay I don't think there will be another half of me It's like um I think it was like a for better or whatever I don't remember,1,14.519
546,13,buyer,Um,0,14.519
546,14,seller,I don't know I believe pop up my laptop I,1,14.519
546,15,buyer,Yep,0,14.519
546,16,seller,lost him,1,14.519
546,17,buyer,It's four bedrooms,0,14.519
546,18,seller,Okay For them Yeah But I don't think it would need to be lower because for me it's like a nice and plus it's got a big master of the room and a large a large standing room It's like basically like a big space,1,14.519
546,19,buyer,Okay Um The fact that it's what level style does that have any factor to play into it,0,14.519
546,20,seller,Um I don't know,1,14.519
546,21,buyer,Um,0,14.519
546,22,seller,I don't really have a thing to look at so I can like you know,1,14.519
546,23,buyer,Mhm,0,14.519
546,24,seller,But all I remember is that it's basically a big species With like like a few sort of four bedroom right,1,14.519
546,25,buyer,Mhm,0,14.519
546,26,seller,Like a four bedroom I mean it seems like it's like a nice place to stay in like a big house if you want to have a big family and stuff,1,14.519
546,27,buyer,Yeah I did notice,0,14.519
546,28,seller,Thank,1,14.519
546,29,buyer,that,0,14.519
546,30,seller,you,1,14.519
546,31,buyer,there is a detached garage I know um,0,14.519
546,32,seller,Yeah,1,14.519
546,33,buyer,In my situation I was looking for a house where the garage is directly attached,0,14.519
546,34,seller,Yeah,1,14.519
546,35,buyer,Um So,0,14.519
546,36,seller,I,1,14.519
546,37,buyer,that's,0,14.519
546,38,seller,mean,1,14.519
546,39,buyer,kind of like I'm a little leery about it,0,14.519
546,40,seller,yeah it's like it's like a reasonable like house to buy like if someone wants a garage to put her car in inside to put it like you know like and like on the road or something,1,14.519
546,41,buyer,Yeah I just figured it would be more convenient for the garage to be attached So when I have Children they'll have a place to play and I,0,14.519
546,42,seller,Yeah,1,14.519
546,43,buyer,won't have to worry about them you know staring off or not knowing where they are,0,14.519
546,44,seller,Yeah Sorry um What,1,14.519
546,45,buyer,That's,0,14.519
546,46,seller,are you,1,14.519
546,47,buyer,okay,0,14.519
546,48,seller,saying Um,1,14.519
546,49,buyer,Yeah,0,14.519
546,50,seller,Yeah I think it'll be a reasonable house because the price is good and plus if you went plus if you have cars and like you have a lot of like a big family and stuff,1,14.519
546,51,buyer,absolutely,0,14.519
546,52,seller,and don't Yeah it's kind of like a like a mansion kind of,1,14.519
546,53,buyer,you're not wrong,0,14.519
546,54,seller,Yeah,1,14.519
546,55,buyer,Uh huh The house does seem a little older though since it was made in 1947,0,14.519
546,56,seller,Yeah I mean it's still price all,1,14.519
546,57,buyer,so because it is an older house and the garage isn't attached there would be no way to lower the price of of what you're offering,0,14.519
546,58,seller,Yeah Mhm Yes,1,14.519
546,59,buyer,Mhm,0,14.519
546,60,seller,Yeah Yeah exactly In night did it say anything about a backyard,1,14.519
546,61,buyer,Uh huh,0,14.519
546,62,seller,Okay so basically yeah if someone has like kids like that and they have a big backyard with a pool or playground set Okay,1,14.519
546,63,buyer,That is TRUE,0,14.519
546,64,seller,that is always good to her too I've,1,14.519
546,65,buyer,mm,0,14.519
546,66,seller,also like more well more or less the same,1,14.519
546,67,buyer,Yeah,0,14.519
546,68,seller,It is I just lost the thing I don't know But yeah,1,14.519
546,69,buyer,Okay,0,14.519
546,70,seller,I think it would be a reasonable house for like someone a pie But you know it's my point of view It takes like months in like months of them buy a house that they really want a house because like it depends on their budget and almost they want to spend,1,14.519
546,71,buyer,that is TRUE,0,14.519
546,72,seller,It's like yeah it's kind of like hard you know,1,14.519
546,73,buyer,Yeah so I did see The last time someone bought the house they bought it for 2:39,0,14.519
546,74,seller,Yeah,1,14.519
546,75,buyer,Um Yeah yeah and the square feet is actually smaller now than it was then So the square feet was um 1920 and now it's 1846,0,14.519
546,76,seller,Yeah Well it's kind of like smaller but Yeah Well I mean yeah I mean it's kind of about responsibly probably a little bigger They probably wanted to arrange you,1,14.519
546,77,buyer,mm Well given that the square the square feet is smaller um,0,14.519
546,78,seller,Yeah,1,14.519
546,79,buyer,that would seem like a reason to maybe bump down the price just a little bit because in this case,0,14.519
546,80,seller,Mhm,1,14.519
546,81,buyer,you would be overcharging since the person paid just a little bit lower for more square footage,0,14.519
546,82,seller,Yeah and it's like easy early there's like two fireplaces in the house and like they says in it there's like um run restaurants and transportation from walking is um walking distance,1,14.519
546,83,buyer,Mhm,0,14.519
546,84,seller,So that's always good because people do like that People like to be closed by two things like you know restaurants stores and so that,1,14.519
546,85,buyer,It is TRUE,0,14.519
546,86,seller,and like newly decorating like you know like new stuff like new floor and the walls That's always good to do for people,1,14.519
546,87,buyer,"Absolutely Yeah I was hoping to use the original space um The 1220 square feet to build an in law apartment but now because it's 1,846 sq ft I don't know if I'd be able to do that now",0,14.519
546,88,seller,Yeah,1,14.519
546,89,buyer,so maybe if we did agree to lower the price a little bit I can you know use that extra money to actually build that in law apartment um,0,14.519
546,90,seller,Um,1,14.519
546,91,buyer,for my mom so she can move in with me so I can take care of her,0,14.519
546,92,seller,Yeah usually when the prices down it's always better and cheaper for the person because it depends on what our budget they need for in our budget,1,14.519
546,93,buyer,Mhm,0,14.519
546,94,seller,I created with the same thing though because it's like that probably you're like all those prices too high,1,14.519
546,95,buyer,Yeah Not by much,0,14.519
546,96,seller,Oh,1,14.519
546,97,buyer,it's a little over my budget,0,14.519
546,98,seller,yeah I mean some people don't like small places like it's too small I can't move around or like you have too much stuff,1,14.519
546,99,buyer,No Absolutely yeah I was just hoping to find something with a little more square feet Um,0,14.519
546,100,seller,Yeah,1,14.519
546,101,buyer,I mean this house is perfect it's everything that I want it's just a little smaller than I was expecting Um,0,14.519
546,102,seller,I mean,1,14.519
546,103,buyer,And I really want to build that in law apartment so,0,14.519
546,104,seller,four Grand Room four bedrooms in the law But like you need like a big family for that like you know,1,14.519
546,105,buyer,Yeah Yeah definitely And I have I have a lot of family out of state so I would be using those extra bedrooms to house them when they come and visit,0,14.519
546,106,seller,Yeah,1,14.519
546,107,buyer,Um So the bedrooms,0,14.519
546,108,seller,Cool,1,14.519
546,109,buyer,will definitely be used,0,14.519
546,110,seller,Mhm,1,14.519
546,111,buyer,It's not like I wouldn't be utilizing any,0,14.519
546,112,seller,Just,1,14.519
546,113,buyer,of those,0,14.519
546,114,seller,usually like as a guest room or something,1,14.519
546,115,buyer,Mhm,0,14.519
546,116,seller,it's always a guest room and then like it says a large eat in kitchen That's always good because large and gets you when you have a big family coming over Mm,1,14.519
546,117,buyer,Absolutely,0,14.519
546,118,seller,they got a beautiful lenses keeping That's always good,1,14.519
546,119,buyer,Mhm,0,14.519
546,120,seller,You know So you relax and you know,1,14.519
546,121,buyer,Absolutely,0,14.519
546,122,seller,fenced backyard Always good to and plus when you have like dogs they always like to roam around,1,14.519
546,123,buyer,Yeah,0,14.519
546,124,seller,There's like a I statistic different listening on the bottom,1,14.519
546,125,buyer,and I would definitely be interested in getting um a bigger vehicle for,0,14.519
546,126,seller,Oh yeah,1,14.519
546,127,buyer,you know my kids and my extended family So,0,14.519
546,128,seller,Yeah,1,14.519
546,129,buyer,if we did bump down the price a little bit I can use that towards getting you know a new suv or a new car for everybody,0,14.519
546,130,seller,Yeah Yeah Always good to have a break of car must really have a family like that because then you don't have to worry about it,1,14.519
546,131,buyer,So putting into the factors of you know it's the square feet isn't as big as I was expecting and,0,14.519
546,132,seller,Mhm,1,14.519
546,133,buyer,you know I could use the other funds to build an in law apartment or get a new car I mean would there be any wiggle room to move to lower the price Just a little bit,0,14.519
546,134,seller,Yeah I mean to me I think well one thing I went right to have issues with is like why is there going to have two fireplaces,1,14.519
546,135,buyer,Yeah,0,14.519
546,136,seller,Doesn't look really two fireplaces Is there like one in the master bedroom,1,14.519
546,137,buyer,or in the basement or I'm not sure,0,14.519
546,138,seller,Yeah I mean one fire place is good enough for like a living room and stuff but,1,14.519
546,139,buyer,Yeah,0,14.519
546,140,seller,no no I just don't look right,1,14.519
546,141,buyer,Maybe one of them isn't working,0,14.519
546,142,seller,Yeah,1,14.519
546,143,buyer,it's just there for decoration,0,14.519
546,144,seller,Yeah Yeah And to 2.5 bathrooms so I'm guessing there's a bathroom probably downstairs and it's probably,1,14.519
546,145,buyer,Yeah,0,14.519
546,146,seller,one bathroom,1,14.519
546,147,buyer,Yeah So seeing as it sold for 2 39 with more square feet knowing that there's,0,14.519
546,148,seller,Mhm,1,14.519
546,149,buyer,less square feet it would probably be logical to sell it for a little lower than even to 39 knowing that there's,0,14.519
546,150,seller,Mhm,1,14.519
546,151,buyer,less square feet available,0,14.519
546,152,seller,Oh yeah,1,14.519
546,153,buyer,So what,0,14.519
546,154,seller,Yeah,1,14.519
546,155,buyer,other offers would you like to bring to the table,0,14.519
546,156,seller,Um I'd rather keep the price lower,1,14.519
546,157,buyer,Lower than 2 40,0,14.519
546,158,seller,Yeah because if you keep the first lower somebody will buy it Probably,1,14.519
546,159,buyer,Yeah So what what would you be willing to offer for a price,0,14.519
546,160,seller,"mm I don't really know Um Probably like 21,300",1,14.519
546,161,buyer,"2,00,000",0,14.519
546,162,seller,Yeah,1,14.519
546,163,buyer,Okay How about 2 20,0,14.519
546,164,seller,Yeah I go go do that too,1,14.519
548,0,buyer,Uh huh,0,12.034
548,1,seller,Hi how are you doing today,1,12.034
548,2,buyer,I'm doing well how,0,12.034
548,3,seller,I'm,1,12.034
548,4,buyer,are you,0,12.034
548,5,seller,good Could you remind me of your name,1,12.034
548,6,buyer,Um I don't think we're giving you,0,12.034
548,7,seller,Oh Oh the fake never mind a fake name for me to refer to you by I suppose,1,12.034
548,8,buyer,um Murphy,0,12.034
548,9,seller,Norby You said Murray,1,12.034
548,10,buyer,Murray,0,12.034
548,11,seller,Nice to meet you Murray I'm I'm Morrison,1,12.034
548,12,buyer,hardware,0,12.034
548,13,seller,Yeah,1,12.034
548,14,buyer,store,0,12.034
548,15,seller,How how have you been enjoying your time in the area How any fun plans for the weekend,1,12.034
548,16,buyer,Um You know just uh Scouting around Centerville looking at like restaurants getting a little bit more familiar with the area I'm trying to imagine what it might look like to live here,0,12.034
548,17,seller,That's awesome Marie I'm I'm so glad to have you been liking the area I mean the restaurants and stuff What's your favorite place to go,1,12.034
548,18,buyer,Um I actually have not eaten anywhere yet Where would you recommend,0,12.034
548,19,seller,You know there's this great Indian place called Chula not too far from here It's like 10 minutes from the house Um I highly encourage they have like this amazing premier and I don't know I honestly like I can't handle spicy foods but like that It's worth it It's worth,1,12.034
548,20,buyer,Uh,0,12.034
548,21,seller,it,1,12.034
548,22,buyer,huh,0,12.034
548,23,seller,Are you moving your,1,12.034
548,24,buyer,Crew,0,12.034
548,25,seller,family,1,12.034
548,26,buyer,Cool Cool definitely,0,12.034
548,27,seller,Oh,1,12.034
548,28,buyer,point,0,12.034
548,29,seller,I'm,1,12.034
548,30,buyer,the,0,12.034
548,31,seller,sorry,1,12.034
548,32,buyer,list I said definitely will put on the list of things to,0,12.034
548,33,seller,Yes,1,12.034
548,34,buyer,try,0,12.034
548,35,seller,yes Um are you moving here with family You can bring them there too,1,12.034
548,36,buyer,Um So I have a couple of different um ideas of of what I might do with the property not sure if I want to live here part time Um Or maybe uh flip ville apartment Um And uh maybe rent it out Um Because I have previous experience with turning beautiful locations like these into affordable housing units,0,12.034
548,37,seller,Okay,1,12.034
548,38,buyer,And so I thought maybe something cool to try to do in this area,0,12.034
548,39,seller,Yeah I'm you know that's really exciting I think that would be a great way to beautify the area um as you know I um I'm looking to sell um what what kind of range are you looking for in terms of purchasing this house You can you know tell me a little bit about what you're thinking and what you want,1,12.034
548,40,buyer,Um So I mentioned about uh potentially making a rental unit especially because it has so much space um And uh it's a split level style which,0,12.034
548,41,seller,Yeah,1,12.034
548,42,buyer,"I think uh lends itself to easily being um separate spaces with all the bedrooms and the bathrooms Um And it's really like has a lot of character Um I feel like for something that wasn't built all that long ago Um And yeah so I think I think the price that you have here is somewhat reasonable um But also and looking at other um prices and other homes in the area um that are similar Um It is a little bit on the high end and I was wondering if you would consider um maybe settling for something a little bit lower closer to about 230,000",0,12.034
548,43,seller,"Oh I totally understand You know I'm going to be completely honest with you I've raised a family in this home and um you know I I I purchased it for a pretty high price and I think you know I've had discussions with my friends were real estate investors Um so I have set an asking price of 240,000 just because you know I'm planning on moving to a smaller a smaller place just because you know I'm not really in need um since my kids have gone off to college of this massive this massive house but",1,12.034
548,44,buyer,Um,0,12.034
548,45,seller,"I will say that you know this this is one of the nicest houses in the centennial park area And I personally think that it's favorably priced in comparison to comparable homes in Centerville because um as you probably know it's been several months since the last house was sold in this area so therefore like the asking price on a per square foot basis is going to be hired just because of the fact that you know this is a very desirable area to live I'm sure that people who are looking to you know When you're renting out the home people are going to want to stay here There are not a lot of places in centennial park to rent home So um I'm really hoping to get that 240,000 I don't know Um if if that might be something you could agree to What are your thoughts",1,12.034
548,46,buyer,"um Like I mentioned earlier uh Well actually thank you for sharing all that with me I really appreciate that Um I'm thinking about turning these into affordable housing units because um the as much as this area is totally like beautiful um It's also like becoming less accessible and I would love for low income families um to have access to space like this And so I'm working in a little bit of a budget um because I went to keep the price the location like like actually affordable for potential families that I want to rent it out to Um And um any like higher upstart costs for me would be like higher costs to future tenant which I wouldn't want to do Um And I think a middling price of 230,000 does not anyway The track from the value of the self like I said it has a lot of character it's immensely beautiful the area is beautiful um and I would really love to see a lot more diversity um in the in the families that are living here Um So that's just kind of where I'm coming from Um and and and asking for 230,000",0,12.034
548,47,seller,"Yeah Thank you Thank you for sharing that with me And like I think it is so such a beautiful idea to want to you know enable people who are lower income to move into this area Um It's a really nice area I think that's going to be hard but you know I love I love all of our neighbors and I think that anyone would really be able to enjoy this space Um As you probably know it's it's really a gorgeous home Um I I honestly I'm not gonna be able to do 230,000 I'm sorry Um I'm really hoping to get the 240,000 Um I think you know I mean I'm sure you know this um I think this information is available to you but you know the inside everything is newly decorated um 1846 sq ft of space Um four bedrooms I think it's a really gorgeous place You can rent it out to multiple people Um and get a lot of money for that I'm sure And there's so many restaurants and transportation that's within walking distance Um It's a really gorgeous place one of the nicest and centennial park I would say my lowest that I could do I really was Are you are you sure you couldn't do for you 240,000",1,12.034
548,48,buyer,Yeah I'm sorry like I said like I um I really want to turn this into affordable housing and um I know you like I like your certainly 100 correct I could rent this out It's a premium location beautiful building um in a beautiful area and get a lot of money of it but money isn't really about driving factor here Um I'm really passionate about affordable housing and I think like people regardless of income should be able to live and comfortable and safe and beautiful areas Um And so because of that I am operating on on a very um Like little budget um are not very little budget but things are a little bit tight Um and anything above 230 um isn't uh really all of that possible But is there if you were to lower the price some level what would be um reasonable for me And,0,12.034
548,49,seller,I'm really I'm so so I like really was not expecting to offer anything lower than 240 on Yeah You know if I really Sorry,1,12.034
548,50,buyer,how does Fine No sorry could continue,0,12.034
548,51,seller,No I'm just I'm not I like I don't know I I really like I have a family Like it's we need we need the money You,1,12.034
548,52,buyer,Mm,0,12.034
548,53,seller,know I,1,12.034
548,54,buyer,hmm,0,12.034
548,55,seller,said I'm moving to a smaller place but also like this is a really beautiful area and you clearly see that um I could do like I don't even know like maybe I could do 237 Yeah I can do 237 Yeah,1,12.034
548,56,buyer,How does 2 34 sounds,0,12.034
548,57,seller,Um I don't I don't think I could do that Uh Yeah I can't do that I'm sorry,1,12.034
548,58,buyer,No I'd really hate to walk away without some sort of agreement Um because I think both of us have like a an affinity for the space and um definitely want to see it going into um it's a good hand right And everyone to uh like definitely find um and definitely find a new owner who um well chairs to place as much as you will And I can promise you that um I will definitely keep up keep up the space as much as you and your family have endured it for your time here Um And I'd be willing to do to 35 because my max I'm so sorry,0,12.034
548,59,seller,Mm hmm If you I I really appreciate what you want 10ants who really care about cherishing this property And I want to just you know we'll add something to the centennial park area I think that if you if you were to if you decide you know if you're not renting and you decide that you want to sell this house to a family Um if you sell it to a family with kids I could do to 35 Would that be something that you might be able to do,1,12.034
548,60,buyer,so you'd rather um I I'm not keep it are transforming into um an affordable housing units but um purchase it and then resell it,0,12.034
548,61,seller,You,1,12.034
548,62,buyer,to,0,12.034
548,63,seller,know if you,1,12.034
548,64,buyer,um,0,12.034
548,65,seller,sorry if if you if you choose to um if you choose to allow people to rent it that's totally fine because I think you know it's great to have new people in the city but if you,1,12.034
548,66,buyer,Mhm,0,12.034
548,67,seller,choose to um if you choose to sell the house to a family to choose someone instead of just renting it out if you can sell it sell it to a family with kids that would be great If you could just promise me that,1,12.034
548,68,buyer,Oh definitely Um when when I am ready to sell it um I can definitely intentionally make sure that uh it goes to a family with,0,12.034
548,69,seller,Okay,1,12.034
548,70,buyer,kids,0,12.034
548,71,seller,"so do we have an agreement then The $235,000",1,12.034
548,72,buyer,I think we're there,0,12.034
550,0,buyer,I'm I'm really interested in in your house it looks really lovely,0,3.163
550,1,seller,that's good to you,1,3.163
550,2,buyer,Yeah,0,3.163
550,3,seller,So what do you like about the house,1,3.163
550,4,buyer,You know I think it's in a it's in a great location I like that it's got a good um backyard it's it's the right um it's the right size for what I'm looking for Um Yeah and so I've been doing some research on on similar,0,3.163
550,5,seller,Of course here,1,3.163
550,6,buyer,similar homes in the area,0,3.163
550,7,seller,Uh huh,1,3.163
550,8,buyer,"Um and I am willing to pay 20 Uh 22 why can't I say words $220,000",0,3.163
550,9,seller,Yeah,1,3.163
550,10,buyer,for it,0,3.163
550,11,seller,I mean as funny as that,1,3.163
550,12,buyer,Mhm,0,3.163
550,13,seller,is I can't like that's way too low you know I was looking at the high 240s,1,3.163
550,14,buyer,Mhm,0,3.163
550,15,seller,for this house I mean you got to do better than 220,1,3.163
550,16,buyer,mm Yeah I guess I'm curious what is having you price that that point so,0,3.163
550,17,seller,Okay,1,3.163
550,18,buyer,high I'm looking at another property that's a little bit larger and it's in the low to thirties so I'm curious what you feel makes it worth a to 40 80,0,3.163
550,19,seller,well it's had a new refurb recently Um It's got good central heating is close to schools close to all amenities which you will need,1,3.163
550,20,buyer,Mhm,0,3.163
550,21,seller,Um So it's to a very high standard It's got an amazing backyard,1,3.163
550,22,buyer,Mhm,0,3.163
550,23,seller,um and front yard obviously as well Um So I mean I couldn't move on the price a little bit but You need to come up from your to 20 as well,1,3.163
550,24,buyer,I see,0,3.163
550,25,seller,Yeah,1,3.163
550,26,buyer,Yeah No I I definitely appreciate the renovations that have been done I just I'm also working with the budget here myself this is my first investment and it's taken me a lot of work to get to this point So to 40 is going to be a little too high for me Um and I want to make sure that I'm considering my other options in the area Uh so I'd I'd definitely be able to come up to um probably I could I could do to 25,0,3.163
550,27,seller,Yeah that's only five K You know uh I've put so much work and effort into this house my own blood sweat and tears you know doing up this property to to the stand that it has at the moment I mean I'd be happy to maybe come down to like two 235 possibly you know um if that's something that you might consider,1,3.163
550,28,buyer,I think 235 is going to going to still be a little bit too high for me Um I was really you know stretching it My my top,0,3.163
550,29,seller,Well,1,3.163
550,30,buyer,end was going to be around 2:30 PM,0,3.163
550,31,seller,no I was really looking at 235 but it sounds like you are sort of ready to buy Um So I could I could let it go for 2:30 if we could shake on that and walk away Both both of us sort of happy,1,3.163
550,32,buyer,Yeah 2:30 I'm ready to put down that deposit today,0,3.163
