conversation_id,speaker_id,start_time,end_time,text,outcome,text_len,is_backchannel
100,0,236.86,255.08,Um,sale,2,True
101,1,425.884,440.57,Um,no sale,2,True
104,0,0.0,13.68,Hello,sale,5,True
104,1,95.76,109.44,Yes,sale,3,True
105,1,101.04,134.72,Okay,no sale,4,True
131,1,523.016,534.144,Yeah,sale,4,True
149,1,0.0,10.78,Hi,no sale,2,True
149,0,10.78,21.56,Hello,no sale,5,True
149,0,32.34,43.12,Yes,no sale,3,True
149,1,86.24,97.02,Um,no sale,2,True
149,1,150.92,161.7,Okay,no sale,4,True
152,0,36.585,54.877,can,sale,3,True
162,1,204.36,218.957,Uh,sale,2,True
172,0,213.543,237.27,225,sale,3,True
172,0,403.359,427.086,232,sale,3,True
178,0,102.384,127.98,225,sale,3,True
183,1,0.0,19.955,Okay,sale,4,True
183,1,239.46,259.415,Yeah,sale,4,True
189,1,376.568,396.387,huh,sale,3,True
194,1,28.51,42.765,for,sale,3,True
203,0,185.496,200.954,yeah,sale,4,True
203,0,401.908,417.366,Uh,sale,2,True
214,1,12.907,25.814,Hi,sale,2,True
214,0,464.654,477.561,Mm,sale,2,True
22,1,18.188,36.376,Um,no sale,2,True
22,0,181.88,200.068,Mm,no sale,2,True
234,1,49.79,59.748,Yeah,sale,4,True
234,0,119.496,129.454,No,sale,2,True
241,0,0.0,19.616,Hello,no sale,5,True
241,1,19.616,39.231,Hi,no sale,2,True
245,1,111.083,123.425,Yeah,sale,4,True
256,0,45.471,56.839,Yes,sale,3,True
256,0,68.207,79.575,Yeah,sale,4,True
256,1,147.782,159.15,two,sale,3,True
256,0,159.15,170.518,25,sale,2,True
267,1,17.826,35.652,Yeah,no sale,4,True
268,0,122.308,134.538,I,sale,1,True
271,1,116.833,140.2,Mhm,sale,3,True
272,0,105.252,120.288,Okay,sale,4,True
272,0,315.756,330.792,and,sale,3,True
282,1,232.512,258.346,so,no sale,2,True
283,0,14.475,28.95,Hi,no sale,2,True
292,0,0.0,4.644,Yeah,no sale,4,True
292,1,23.22,27.864,234,no sale,3,True
332,0,268.678,289.346,Okay,sale,4,True
337,1,208.6,218.533,Uh,sale,2,True
341,1,163.707,173.938,well,sale,4,True
358,1,16.595,33.191,Hello,sale,5,True
358,1,149.359,165.955,Oh,sale,2,True
358,0,165.955,182.55,yeah,sale,4,True
358,0,232.336,248.932,37,sale,2,True
359,1,684.833,701.139,And,sale,3,True
362,1,123.576,133.874,Okay,sale,4,True
363,1,107.91,117.72,Uh,no sale,2,True
367,0,254.667,264.853,a,no sale,1,True
375,0,42.435,50.922,50,no sale,2,True
381,0,8.515,17.031,Yes,no sale,3,True
387,0,678.042,692.168,yeah,sale,4,True
401,1,89.04,101.76,Mhm,no sale,3,True
404,1,259.127,268.382,mm,no sale,2,True
413,1,604.843,625.7,30,sale,2,True
441,0,40.706,54.275,Mhm,no sale,3,True
443,1,91.02,106.19,So,no sale,2,True
444,1,55.265,73.687,Uh,sale,2,True
444,0,405.28,423.702,Okay,sale,4,True
444,0,442.124,460.545,So,sale,2,True
486,1,74.371,92.964,Yes,sale,3,True
486,1,409.042,427.634,227,sale,3,True
512,1,0.0,11.232,Hello,no sale,5,True
512,1,44.928,56.16,Okay,no sale,4,True
519,0,0.0,4.806,Mhm,sale,3,True
519,1,4.806,9.611,mm,sale,2,True
519,1,14.417,19.223,And,sale,3,True
519,0,28.834,33.64,Mhm,sale,3,True
519,1,62.474,67.28,Mm,sale,2,True
519,0,67.28,72.086,it,sale,2,True
519,1,72.086,76.891,hmm,sale,3,True
519,0,86.503,91.309,wow,sale,3,True
519,0,96.114,100.92,Mhm,sale,3,True
519,0,105.726,110.531,Okay,sale,4,True
519,0,134.56,139.366,Yeah,sale,4,True
519,0,144.171,148.977,I,sale,1,True
519,1,168.2,173.006,Okay,sale,4,True
519,0,173.006,177.811,1,sale,1,True
519,1,177.811,182.617,And,sale,3,True
519,0,182.617,187.423,1/2,sale,3,True
519,1,187.423,192.229,uh,sale,2,True
519,0,192.229,197.034,Mhm,sale,3,True
521,0,0.0,4.993,So,sale,2,True
521,1,4.993,9.987,Hello,sale,5,True
521,0,49.933,54.927,Yeah,sale,4,True
521,0,59.92,64.913,Mhm,sale,3,True
521,0,79.893,84.887,Mhm,sale,3,True
521,1,94.873,99.867,Mhm,sale,3,True
521,0,119.84,124.833,Mhm,sale,3,True
521,0,149.8,154.793,Yeah,sale,4,True
521,0,159.787,164.78,Mhm,sale,3,True
521,0,179.76,184.753,Mm,sale,2,True
521,0,189.747,194.74,Yeah,sale,4,True
523,0,13.577,27.154,Hello,no sale,5,True
523,1,108.614,122.191,Mhm,no sale,3,True
523,0,149.345,162.922,Um,no sale,2,True
523,1,298.69,312.266,Uh,no sale,2,True
525,1,2.217,4.433,Hi,no sale,2,True
525,1,11.083,13.3,Are,no sale,3,True
525,0,13.3,15.517,we,no sale,2,True
525,1,15.517,17.733,you,no sale,3,True
525,1,19.95,22.166,okay,no sale,4,True
525,0,22.166,24.383,Uh,no sale,2,True
525,1,24.383,26.6,Yeah,no sale,4,True
525,0,31.033,33.25,I,no sale,1,True
525,1,33.25,35.466,We,no sale,2,True
525,0,44.333,46.55,Right,no sale,5,True
525,0,48.766,50.983,Um,no sale,2,True
525,0,53.2,55.416,So,no sale,2,True
525,0,57.633,59.849,on,no sale,2,True
525,0,75.366,77.583,to,no sale,2,True
525,1,86.449,88.666,Yes,no sale,3,True
525,1,90.882,93.099,Yeah,no sale,4,True
525,1,95.316,97.532,Yeah,no sale,4,True
525,1,99.749,101.966,Yeah,no sale,4,True
525,1,104.182,106.399,Mhm,no sale,3,True
525,1,108.616,110.832,Well,no sale,4,True
525,0,115.266,117.482,Ah,no sale,2,True
525,1,126.349,128.565,it,no sale,2,True
525,0,137.432,139.649,Of,no sale,2,True
525,1,139.649,141.865,to,no sale,2,True
525,0,155.165,157.382,Um,no sale,2,True
525,1,157.382,159.599,on,no sale,2,True
525,0,159.599,161.815,I,no sale,1,True
525,1,161.815,164.032,on,no sale,2,True
525,0,172.898,175.115,two,no sale,3,True
525,1,175.115,177.332,is,no sale,2,True
525,1,179.548,181.765,Mhm,no sale,3,True
525,0,190.632,192.848,oh,no sale,2,True
525,0,195.065,197.281,235,no sale,3,True
525,1,197.281,199.498,235,no sale,3,True
525,1,201.715,203.931,Oh,no sale,2,True
525,0,208.365,210.581,Yeah,no sale,4,True
525,0,212.798,215.015,But,no sale,3,True
525,1,232.748,234.964,Uh,no sale,2,True
525,0,234.964,237.181,To,no sale,2,True
525,1,237.181,239.398,huh,no sale,3,True
525,0,243.831,246.048,I,no sale,1,True
525,0,252.698,254.914,no,no sale,2,True
525,1,268.214,270.431,okay,no sale,4,True
525,1,272.647,274.864,to,no sale,2,True
525,0,274.864,277.081,go,no sale,2,True
525,0,279.297,281.514,for,no sale,3,True
525,1,281.514,283.731,30,no sale,2,True
525,1,285.947,288.164,Mm,no sale,2,True
525,0,292.597,294.814,2,no sale,1,True
525,0,297.031,299.247,21,no sale,2,True
525,0,301.464,303.68,is,no sale,2,True
525,1,312.547,314.764,Yeah,no sale,4,True
525,0,328.064,330.28,230,no sale,3,True
525,0,336.93,339.147,Oh,no sale,2,True
525,1,343.58,345.797,Yeah,no sale,4,True
525,0,350.23,352.447,Yeah,no sale,4,True
525,1,352.447,354.663,yeah,no sale,4,True
532,0,0.0,5.946,Hi,no sale,2,True
532,0,23.782,29.728,Yeah,no sale,4,True
532,1,53.51,59.456,Yeah,no sale,4,True
532,0,83.238,89.184,a,no sale,1,True
532,1,101.075,107.021,for,no sale,3,True
532,1,124.858,130.803,huh,no sale,3,True
532,1,148.64,154.586,So,no sale,2,True
532,1,172.422,178.368,Mhm,no sale,3,True
532,1,184.314,190.259,Yeah,no sale,4,True
532,0,202.15,208.096,Mhm,no sale,3,True
532,1,231.878,237.824,Mhm,no sale,3,True
532,1,243.77,249.715,Yes,no sale,3,True
532,1,267.552,273.498,Um,no sale,2,True
532,1,279.443,285.389,So,no sale,2,True
532,1,291.334,297.28,I I,no sale,3,True
532,1,315.117,321.062,Yeah,no sale,4,True
532,1,338.899,344.845,Mhm,no sale,3,True
532,0,356.736,362.682,Okay,no sale,4,True
532,0,368.627,374.573,But,no sale,3,True
532,1,386.464,392.41,it,no sale,2,True
532,1,410.246,416.192,Mhm,no sale,3,True
533,1,19.275,25.7,okay,no sale,4,True
533,1,57.825,64.25,Yeah,no sale,4,True
533,0,64.25,70.675,Yeah,no sale,4,True
533,1,70.675,77.1,so,no sale,2,True
533,0,77.1,83.525,Mhm,no sale,3,True
533,0,89.95,96.375,Yeah,no sale,4,True
533,1,96.375,102.8,is,no sale,2,True
533,0,102.8,109.225,Mhm,no sale,3,True
533,0,115.65,122.075,mm,no sale,2,True
533,1,122.075,128.5,and,no sale,3,True
533,0,128.5,134.925,Okay,no sale,4,True
533,0,167.05,173.475,Yeah,no sale,4,True
535,1,0.0,5.871,Hello,no sale,5,True
535,0,5.871,11.742,Hi,no sale,2,True
535,1,23.484,29.355,yep,no sale,3,True
535,1,35.226,41.098,yep,no sale,3,True
535,1,46.969,52.84,Uh,no sale,2,True
535,1,58.711,64.582,Well,no sale,4,True
535,0,76.324,82.195,it,no sale,2,True
535,1,93.937,99.808,Mhm,no sale,3,True
535,1,105.679,111.551,Yeah,no sale,4,True
535,1,117.422,123.293,Yeah,no sale,4,True
535,1,140.906,146.777,okay,no sale,4,True
535,1,152.648,158.519,Um,no sale,2,True
535,1,176.132,182.004,Yeah,no sale,4,True
535,1,187.875,193.746,yeah,no sale,4,True
535,1,223.101,228.972,I,no sale,1,True
535,0,240.714,246.585,Mhm,no sale,3,True
535,0,252.456,258.328,Yeah,no sale,4,True
535,0,264.199,270.07,Yeah,no sale,4,True
535,1,270.07,275.941,Right,no sale,5,True
535,1,281.812,287.683,Yes,no sale,3,True
535,1,293.554,299.425,so,no sale,2,True
535,1,305.296,311.167,I'm,no sale,3,True
535,1,328.781,334.652,Well,no sale,4,True
535,1,352.265,358.136,I,no sale,1,True
535,0,358.136,364.007,ago,no sale,3,True
535,0,369.878,375.749,Yeah,no sale,4,True
535,1,387.491,393.362,Yeah,no sale,4,True
535,1,410.976,416.847,Yeah,no sale,4,True
535,1,422.718,428.589,Okay,no sale,4,True
535,0,440.331,446.202,Mhm,no sale,3,True
535,1,481.429,487.3,Okay,no sale,4,True
535,1,493.171,499.042,so,no sale,2,True
535,0,510.784,516.655,Yes,no sale,3,True
535,1,528.397,534.268,sure,no sale,4,True
535,1,540.139,546.011,Yeah,no sale,4,True
535,1,575.366,581.237,Yes,no sale,3,True
535,1,610.592,616.464,Yeah,no sale,4,True
535,1,622.335,628.206,I,no sale,1,True
535,0,639.948,645.819,do,no sale,2,True
535,0,663.432,669.303,Not,no sale,3,True
535,1,669.303,675.174,two,no sale,3,True
535,0,675.174,681.045,sure,no sale,4,True
535,0,686.916,692.788,Okay,no sale,4,True
535,1,692.788,698.659,No,no sale,2,True
535,1,704.53,710.401,Yeah,no sale,4,True
535,1,728.014,733.885,Yes,no sale,3,True
535,1,739.756,745.627,so,no sale,2,True
535,0,757.369,763.241,in,no sale,2,True
535,1,786.725,792.596,yeah,no sale,4,True
535,1,798.467,804.338,Yeah,no sale,4,True
535,0,816.08,821.951,Okay,no sale,4,True
535,1,821.951,827.822,Yeah,no sale,4,True
535,1,833.694,839.565,Okay,no sale,4,True
535,0,839.565,845.436,the,no sale,3,True
535,1,845.436,851.307,Yeah,no sale,4,True
541,1,0.0,3.148,Hi,sale,2,True
541,0,3.148,6.295,Hello,sale,5,True
541,1,12.591,15.738,Yo,sale,2,True
541,1,18.886,22.034,Yeah,sale,4,True
541,1,25.182,28.329,Yeah,sale,4,True
541,1,31.477,34.625,Mhm,sale,3,True
541,1,37.772,40.92,Okay,sale,4,True
541,0,47.215,50.363,Yeah,sale,4,True
541,1,56.658,59.806,Mhm,sale,3,True
541,1,62.954,66.102,So,sale,2,True
541,1,75.545,78.692,Mhm,sale,3,True
541,1,81.84,84.988,Yeah,sale,4,True
541,1,88.135,91.283,Why,sale,3,True
541,0,91.283,94.431,for,sale,3,True
541,0,97.578,100.726,the,sale,3,True
541,1,125.908,129.055,Mm,sale,2,True
541,1,132.203,135.351,I'm,sale,3,True
541,0,141.646,144.794,I,sale,1,True
541,1,151.089,154.237,I'm,sale,3,True
541,0,154.237,157.385,to,sale,2,True
541,1,169.975,173.123,Yeah,sale,4,True
541,1,176.271,179.418,Yeah,sale,4,True
541,1,188.862,192.009,I'm,sale,3,True
541,1,195.157,198.305,not,sale,3,True
541,1,201.452,204.6,I'm,sale,3,True
541,0,204.6,207.748,Right,sale,5,True
541,1,214.043,217.191,is,sale,2,True
541,0,217.191,220.338,okay,sale,4,True
541,0,223.486,226.634,Okay,sale,4,True
541,1,232.929,236.077,and,sale,3,True
545,1,16.48,24.72,Mhm,sale,3,True
545,1,32.96,41.2,Bye,sale,3,True
545,0,41.2,49.44,you,sale,3,True
545,1,82.4,90.64,Yeah,sale,4,True
545,1,98.88,107.12,Sure,sale,4,True
545,1,115.36,123.6,Mhm,sale,3,True
545,1,164.8,173.04,Okay,sale,4,True
545,1,181.28,189.52,Mhm,sale,3,True
545,0,206.0,214.24,And,sale,3,True
545,1,214.24,222.48,Right,sale,5,True
545,1,230.72,238.96,mm,sale,2,True
545,1,247.2,255.44,hmm,sale,3,True
545,1,263.68,271.92,Mhm,sale,3,True
545,1,280.16,288.4,Mhm,sale,3,True
545,1,296.64,304.88,Yeah,sale,4,True
545,1,313.12,321.36,Okay,sale,4,True
545,0,321.36,329.6,Right,sale,5,True
545,0,337.84,346.08,mm,sale,2,True
545,0,354.32,362.56,Mhm,sale,3,True
545,0,370.8,379.04,Sure,sale,4,True
545,0,420.24,428.48,Yeah,sale,4,True
545,0,436.72,444.96,285,sale,3,True
545,1,444.96,453.2,Mhm,sale,3,True
545,0,469.68,477.92,Oh,sale,2,True
545,1,527.36,535.6,Yeah,sale,4,True
545,1,543.84,552.08,Mhm,sale,3,True
545,0,568.56,576.8,Uh,sale,2,True
545,0,585.04,593.28,huh,sale,3,True
545,0,601.52,609.76,Right,sale,5,True
546,0,5.28,10.559,Hi,no sale,2,True
546,0,15.839,21.119,Yes,no sale,3,True
546,1,31.678,36.957,Mhm,no sale,3,True
546,1,42.237,47.517,Mhm,no sale,3,True
546,1,52.796,58.076,Yeah,no sale,4,True
546,0,68.635,73.915,Um,no sale,2,True
546,0,79.195,84.474,Yep,no sale,3,True
546,0,110.872,116.152,Um,no sale,2,True
546,0,121.432,126.711,Mhm,no sale,3,True
546,0,131.991,137.271,Mhm,no sale,3,True
546,1,158.389,163.669,you,no sale,3,True
546,1,168.948,174.228,Yeah,no sale,4,True
546,1,179.508,184.787,Yeah,no sale,4,True
546,1,190.067,195.347,I,no sale,1,True
546,1,221.745,227.024,Yeah,no sale,4,True
546,0,248.143,253.423,okay,no sale,4,True
546,0,258.702,263.982,Yeah,no sale,4,True
546,1,285.1,290.38,Yeah,no sale,4,True
546,0,311.499,316.778,Mhm,no sale,3,True
546,0,343.176,348.456,mm,no sale,2,True
546,0,353.736,359.015,Yeah,no sale,4,True
546,0,364.295,369.575,Okay,no sale,4,True
546,1,390.693,395.973,Yeah,no sale,4,True
546,1,411.812,417.091,Yeah,no sale,4,True
546,1,422.371,427.651,Mhm,no sale,3,True
546,0,438.21,443.489,Mhm,no sale,3,True
546,1,464.608,469.888,Yeah,no sale,4,True
546,1,475.167,480.447,Um,no sale,2,True
546,0,491.006,496.286,Mhm,no sale,3,True
546,1,506.845,512.125,Oh,no sale,2,True
546,1,527.964,533.243,Yeah,no sale,4,True
546,1,559.641,564.921,Yeah,no sale,4,True
546,1,580.76,586.04,Mhm,no sale,3,True
546,0,607.158,612.438,Mhm,no sale,3,True
546,0,628.277,633.556,Mhm,no sale,3,True
546,0,649.395,654.675,Yeah,no sale,4,True
546,1,675.793,681.073,Yeah,no sale,4,True
546,1,696.912,702.192,Mhm,no sale,3,True
546,0,712.751,718.031,Yeah,no sale,4,True
546,0,733.869,739.149,Yeah,no sale,4,True
546,1,749.708,754.988,Yeah,no sale,4,True
546,0,765.547,770.827,Yeah,no sale,4,True
546,1,781.386,786.666,Mhm,no sale,3,True
546,1,791.945,797.225,Mhm,no sale,3,True
546,1,813.064,818.344,Yeah,no sale,4,True
546,1,855.301,860.581,Yeah,no sale,4,True
548,1,29.673,39.564,I'm,no sale,3,True
548,1,128.582,138.473,Yeah,no sale,4,True
548,0,197.819,207.71,Uh,no sale,2,True
548,1,207.71,217.601,it,no sale,2,True
548,0,217.601,227.492,huh,no sale,3,True
548,1,267.056,276.947,Oh,no sale,2,True
548,1,286.838,296.729,I'm,no sale,3,True
548,0,296.729,306.62,the,no sale,3,True
548,1,326.402,336.293,Yes,no sale,3,True
548,0,336.293,346.184,try,no sale,3,True
548,1,365.965,375.856,Okay,no sale,4,True
548,1,405.529,415.42,Yeah,no sale,4,True
548,0,435.202,445.093,Um,no sale,2,True
548,0,514.33,524.221,Mm,no sale,2,True
548,0,534.112,544.003,hmm,no sale,3,True
548,1,603.348,613.239,You,no sale,3,True
548,0,613.239,623.13,to,no sale,2,True
548,0,633.021,642.912,um,no sale,2,True
548,0,652.803,662.694,Mhm,no sale,3,True
548,1,682.476,692.367,Okay,no sale,4,True
550,0,11.502,17.253,Yeah,sale,4,True
550,1,51.758,57.509,Yeah,sale,4,True
550,0,69.011,74.762,Mhm,sale,3,True
550,0,80.513,86.264,Mhm,sale,3,True
550,1,97.765,103.516,Okay,sale,4,True
550,0,115.018,120.769,Mhm,sale,3,True
550,0,126.52,132.271,Mhm,sale,3,True
550,1,143.773,149.524,Yeah,sale,4,True
550,1,166.776,172.527,Well,sale,4,True
556,1,8.246,16.492,Oh,no sale,2,True
556,0,49.477,57.724,right,no sale,5,True
556,0,65.97,74.216,Um,no sale,2,True
557,1,7.184,14.367,mm,no sale,2,True
557,0,14.367,21.551,Okay,no sale,4,True
557,0,28.735,35.918,Um,no sale,2,True
557,0,57.469,64.653,Yeah,no sale,4,True
570,1,17.233,25.85,Okay,sale,4,True
570,1,34.466,43.083,uh,sale,2,True
570,1,68.933,77.549,Yeah,sale,4,True
570,1,86.166,94.782,Okay,sale,4,True
570,1,103.399,112.016,Okay,sale,4,True
570,0,129.249,137.865,Yeah,sale,4,True
570,0,146.482,155.099,Oh,sale,2,True
570,0,163.715,172.332,oh,sale,2,True
570,1,189.565,198.181,okay,sale,4,True
570,1,206.798,215.415,Mhm,sale,3,True
570,0,232.648,241.264,Yes,sale,3,True
570,1,258.498,267.114,Right,sale,5,True
570,1,275.731,284.347,Right,sale,5,True
570,1,292.964,301.58,right,sale,5,True
570,0,318.814,327.43,Yeah,sale,4,True
571,1,44.507,59.343,230,sale,3,True
571,0,59.343,74.178,Um,sale,2,True
571,1,192.863,207.699,Right,sale,5,True
571,0,237.37,252.206,Yeah,sale,4,True
571,0,267.042,281.877,Yeah,sale,4,True
571,0,296.713,311.549,Yeah,sale,4,True
573,1,89.984,101.232,Mhm,sale,3,True
574,0,9.701,19.401,Okay,sale,4,True
574,1,58.204,67.905,Sure,sale,4,True
574,0,87.306,97.007,Yeah,sale,4,True
574,0,106.708,116.409,Yeah,sale,4,True
574,0,145.511,155.211,Right,sale,5,True
574,1,174.613,184.314,Mhm,sale,3,True
574,1,213.416,223.116,Okay,sale,4,True
574,1,291.021,300.722,Mhm,sale,3,True
574,0,320.124,329.824,mm,sale,2,True
574,0,339.525,349.226,Mhm,sale,3,True
574,1,368.627,378.328,Yeah,sale,4,True
574,1,407.43,417.131,Mhm,sale,3,True
574,0,417.131,426.831,25,sale,2,True
574,0,455.934,465.634,And,sale,3,True
574,1,465.634,475.335,Two,sale,3,True
580,0,0.0,7.417,Hello,sale,5,True
580,1,7.417,14.834,Hello,sale,5,True
580,0,89.004,96.421,Mhm,sale,3,True
580,1,111.255,118.672,Mhm,sale,3,True
580,1,185.426,192.843,Sure,sale,4,True
580,0,222.511,229.928,Yeah,sale,4,True
580,0,267.013,274.43,Do,sale,2,True
580,1,274.43,281.847,of,sale,2,True
580,0,281.847,289.264,you,sale,3,True
580,0,311.515,318.932,Yeah,sale,4,True
580,0,326.349,333.766,Yeah,sale,4,True
583,1,31.021,41.362,Mhm,no sale,3,True
583,1,51.702,62.042,Yeah,no sale,4,True
583,1,72.383,82.723,Mhm,no sale,3,True
583,0,206.808,217.148,Yeah,no sale,4,True
583,1,320.552,330.893,for,no sale,3,True
583,1,382.595,392.935,Yeah,no sale,4,True
583,0,413.616,423.956,Mhm,no sale,3,True
583,1,485.999,496.339,Yeah,no sale,4,True
584,1,14.138,28.276,Yeah,sale,4,True
584,1,42.415,56.553,Yeah,sale,4,True
584,1,98.967,113.105,Mhm,sale,3,True
584,1,127.244,141.382,Right,sale,5,True
584,1,155.52,169.658,Yeah,sale,4,True
584,1,183.796,197.935,Mhm,sale,3,True
584,0,254.487,268.625,Yes,sale,3,True
584,0,282.764,296.902,Mhm,sale,3,True
584,1,325.178,339.316,Okay,sale,4,True
584,1,381.731,395.869,Yeah,sale,4,True
584,1,410.007,424.145,Okay,sale,4,True
584,0,452.422,466.56,mm,sale,2,True
584,0,480.698,494.836,mm,sale,2,True
584,0,508.975,523.113,Mhm,sale,3,True
584,0,537.251,551.389,Okay,sale,4,True
584,0,565.527,579.665,Okay,sale,4,True
584,1,579.665,593.804,I,sale,1,True
584,1,607.942,622.08,can,sale,3,True
584,0,622.08,636.218,you,sale,3,True
584,0,706.909,721.047,Mhm,sale,3,True
584,0,735.185,749.324,Mhm,sale,3,True
588,0,0.0,8.327,Hello,sale,5,True
588,1,8.327,16.653,Hi,sale,2,True
588,0,66.613,74.94,Yeah,sale,4,True
588,0,83.267,91.593,mm,sale,2,True
588,1,108.247,116.573,uh,sale,2,True
588,0,116.573,124.9,huh,sale,3,True
588,1,141.553,149.88,Oh,sale,2,True
588,1,158.207,166.533,well,sale,4,True
588,0,183.187,191.513,Mhm,sale,3,True
588,1,208.167,216.493,Yes,sale,3,True
590,1,24.406,48.812,Hello,sale,5,True
590,0,48.812,73.218,Mhm,sale,3,True
590,0,195.247,219.653,Yeah,sale,4,True
590,1,268.465,292.871,Okay,sale,4,True
590,1,366.088,390.494,Yeah,sale,4,True
590,1,463.712,488.118,Yeah,sale,4,True
590,1,512.524,536.929,Yes,sale,3,True
590,0,585.741,610.147,Yeah,sale,4,True
590,1,658.959,683.365,Okay,sale,4,True
595,1,0.0,6.697,mm,no sale,2,True
595,0,20.09,26.787,Um,no sale,2,True
595,0,46.877,53.574,Yeah,no sale,4,True
595,0,60.271,66.968,Uh,no sale,2,True
595,0,73.665,80.361,huh,no sale,3,True
595,1,93.755,100.452,Yeah,no sale,4,True
595,0,127.239,133.935,Yeah,no sale,4,True
595,1,160.723,167.419,Okay,no sale,4,True
595,1,187.51,194.206,Okay,no sale,4,True
597,0,0.0,7.652,Hello,no sale,5,True
597,1,38.262,45.914,Yeah,no sale,4,True
597,0,61.218,68.871,mm,no sale,2,True
597,0,76.523,84.175,Mhm,no sale,3,True
597,0,122.437,130.089,Yeah,no sale,4,True
597,1,176.003,183.655,Mhm,no sale,3,True
597,0,198.96,206.612,Yeah,no sale,4,True
597,0,275.483,283.135,Okay,no sale,4,True
600,0,0.0,3.865,Hello,sale,5,True
600,1,11.595,15.46,Mhm,sale,3,True
600,0,23.19,27.055,Mhm,sale,3,True
600,0,30.92,34.785,Yeah,sale,4,True
600,1,34.785,38.65,Mhm,sale,3,True
600,1,42.515,46.38,Yeah,sale,4,True
600,1,50.245,54.11,Mhm,sale,3,True
600,0,61.84,65.705,you,sale,3,True
600,0,69.57,73.435,Mhm,sale,3,True
600,1,73.435,77.3,as,sale,2,True
600,0,77.3,81.165,Yeah,sale,4,True
600,1,81.165,85.03,well,sale,4,True
600,1,88.895,92.76,Yeah,sale,4,True
600,1,96.625,100.49,Okay,sale,4,True
600,1,104.355,108.22,I,sale,1,True
600,0,108.22,112.085,a,sale,1,True
600,1,112.085,115.95,see,sale,3,True
600,1,119.815,123.68,Um,sale,2,True
600,0,131.41,135.275,Um,sale,2,True
600,0,139.14,143.005,I,sale,1,True
600,1,150.735,154.6,yeah,sale,4,True
600,0,162.33,166.195,Um,sale,2,True
600,0,170.06,173.925,The,sale,3,True
600,1,173.925,177.79,Yeah,sale,4,True
600,1,181.655,185.52,Um,sale,2,True
600,1,197.115,200.98,I,sale,1,True
600,1,204.845,208.71,see,sale,3,True
600,1,212.575,216.44,Yeah,sale,4,True
600,1,220.305,224.17,Okay,sale,4,True
600,0,231.9,235.765,Um,sale,2,True
600,1,243.495,247.36,Yeah,sale,4,True
600,1,251.225,255.09,Okay,sale,4,True
600,1,258.955,262.82,Mhm,sale,3,True
603,0,8.367,12.55,Yeah,sale,4,True
603,1,20.918,25.101,Mhm,sale,3,True
603,1,29.284,33.468,Okay,sale,4,True
603,1,37.651,41.835,Yeah,sale,4,True
603,1,46.019,50.202,mm,sale,2,True
603,0,58.569,62.752,Yeah,sale,4,True
603,0,66.936,71.12,Yeah,sale,4,True
603,0,75.303,79.486,Mhm,sale,3,True
603,0,83.67,87.854,Can,sale,3,True
603,1,87.854,92.037,Oh,sale,2,True
603,0,100.404,104.588,Mhm,sale,3,True
603,0,108.771,112.955,Mhm,sale,3,True
603,0,117.138,121.322,Yeah,sale,4,True
603,0,133.872,138.055,Yeah,sale,4,True
603,0,142.239,146.423,Yeah,sale,4,True
603,1,154.79,158.973,Yeah,sale,4,True
603,0,167.34,171.523,Uh,sale,2,True
603,0,175.707,179.891,huh,sale,3,True
603,0,192.441,196.625,Yeah,sale,4,True
603,0,200.808,204.992,Mhm,sale,3,True
603,0,209.175,213.358,Yeah,sale,4,True
603,0,217.542,221.726,Yeah,sale,4,True
603,0,225.909,230.093,Right,sale,5,True
603,0,234.276,238.46,Mhm,sale,3,True
603,0,242.643,246.827,Yeah,sale,4,True
603,0,251.01,255.194,Okay,sale,4,True
603,1,255.194,259.377,Oh,sale,2,True
603,0,267.744,271.928,Mhm,sale,3,True
603,0,276.111,280.295,mm,sale,2,True
603,0,284.478,288.662,Right,sale,5,True
603,1,305.396,309.579,Yeah,sale,4,True
604,0,0.0,8.655,Yeah,sale,4,True
604,1,25.965,34.62,Okay,sale,4,True
604,1,43.275,51.93,Yeah,sale,4,True
604,1,60.585,69.24,Yes,sale,3,True
604,0,103.86,112.515,Yeah,sale,4,True
604,1,129.825,138.48,Uh,sale,2,True
604,0,155.79,164.445,Yeah,sale,4,True
604,0,173.1,181.755,Yeah,sale,4,True
604,1,199.065,207.72,Mhm,sale,3,True
604,1,216.375,225.03,Yeah,sale,4,True
604,1,268.305,276.96,Okay,sale,4,True
604,1,320.235,328.89,Yeah,sale,4,True
604,1,337.545,346.2,sure,sale,4,True
606,1,30.02,35.023,Yeah,no sale,4,True
606,0,45.03,50.033,All,no sale,3,True
606,1,50.033,55.036,if,no sale,2,True
606,0,55.036,60.039,right,no sale,5,True
606,1,80.053,85.056,Yeah,no sale,4,True
606,0,95.062,100.066,Mhm,no sale,3,True
606,0,105.069,110.072,Mhm,no sale,3,True
606,0,115.076,120.079,Mhm,no sale,3,True
606,0,125.082,130.085,Mhm,no sale,3,True
606,1,140.092,145.095,yes,no sale,3,True
606,1,160.105,165.108,Yes,no sale,3,True
606,0,175.115,180.118,Mhm,no sale,3,True
606,0,185.121,190.125,Yeah,no sale,4,True
606,0,195.128,200.131,Right,no sale,5,True
606,0,205.135,210.138,Mhm,no sale,3,True
606,0,215.141,220.144,Mhm,no sale,3,True
606,0,225.148,230.151,Yeah,no sale,4,True
606,0,235.154,240.158,Yeah,no sale,4,True
606,0,245.161,250.164,Mhm,no sale,3,True
606,0,265.174,270.177,Mhm,no sale,3,True
606,0,275.181,280.184,wow,no sale,3,True
606,0,285.187,290.19,Oh,no sale,2,True
606,1,320.21,325.213,Yeah,no sale,4,True
606,0,325.213,330.217,Got,no sale,3,True
616,0,0.0,9.277,Hello,sale,5,True
616,1,83.493,92.77,Mhm,sale,3,True
616,0,111.324,120.601,Yeah,sale,4,True
616,0,129.878,139.155,Yeah,sale,4,True
616,0,148.432,157.709,Right,sale,5,True
616,0,166.986,176.263,Oh,sale,2,True
616,0,185.54,194.817,right,sale,5,True
616,1,194.817,204.094,So,sale,2,True
616,1,213.371,222.649,Mhm,sale,3,True
616,1,231.926,241.203,Mhm,sale,3,True
616,1,250.48,259.757,Okay,sale,4,True
616,0,278.311,287.588,Yeah,sale,4,True
616,0,296.865,306.142,mm,sale,2,True
616,0,315.419,324.696,Okay,sale,4,True
616,1,324.696,333.973,yeah,sale,4,True
616,0,352.527,361.804,Well,sale,4,True
616,1,361.804,371.081,two,sale,3,True
616,1,380.358,389.635,30,sale,2,True
616,0,389.635,398.912,um,sale,2,True
616,1,398.912,408.189,Um,sale,2,True
619,1,20.526,27.368,Okay,no sale,4,True
619,0,41.051,47.893,Yeah,no sale,4,True
619,1,47.893,54.735,Okay,no sale,4,True
619,1,61.577,68.419,Mhm,no sale,3,True
619,1,75.261,82.103,But,no sale,3,True
619,1,88.945,95.787,Okay,no sale,4,True
619,0,109.471,116.313,Sure,no sale,4,True
619,0,164.206,171.048,Mhm,no sale,3,True
619,0,177.89,184.732,Mhm,no sale,3,True
619,0,191.574,198.416,Mhm,no sale,3,True
619,0,205.257,212.099,Okay,no sale,4,True
619,1,212.099,218.941,I,no sale,1,True
619,0,246.309,253.151,Mhm,no sale,3,True
619,0,259.993,266.835,mm,no sale,2,True
619,0,273.677,280.519,Okay,no sale,4,True
619,1,294.202,301.044,Mm,no sale,2,True
619,1,307.886,314.728,Mhm,no sale,3,True
619,1,321.57,328.412,Yeah,no sale,4,True
619,1,335.254,342.096,Okay,no sale,4,True
619,1,348.938,355.78,Yeah,no sale,4,True
619,1,362.621,369.463,Yeah,no sale,4,True
619,0,383.147,389.989,Mhm,no sale,3,True
619,0,396.831,403.673,Mhm,no sale,3,True
619,0,410.515,417.357,Mhm,no sale,3,True
619,1,431.041,437.883,Mhm,no sale,3,True
619,1,444.724,451.566,Mhm,no sale,3,True
619,1,458.408,465.25,Yeah,no sale,4,True
619,0,492.618,499.46,Yeah,no sale,4,True
619,1,513.144,519.986,I,no sale,1,True
619,1,526.827,533.669,do,no sale,2,True
619,1,554.195,561.037,Mhm,no sale,3,True
619,1,567.879,574.721,Okay,no sale,4,True
619,1,595.247,602.089,Okay,no sale,4,True
619,0,615.772,622.614,Um,no sale,2,True
627,0,0.0,3.837,Yeah,sale,4,True
627,1,11.51,15.347,Yeah,sale,4,True
627,1,34.53,38.367,Mhm,sale,3,True
627,0,46.041,49.877,Okay,sale,4,True
627,1,49.877,53.714,Mhm,sale,3,True
627,1,65.224,69.061,Mhm,sale,3,True
627,1,72.898,76.734,Mhm,sale,3,True
627,1,80.571,84.408,Mhm,sale,3,True
627,1,88.244,92.081,Yeah,sale,4,True
627,1,95.918,99.755,Yeah,sale,4,True
627,1,118.938,122.775,Mhm,sale,3,True
627,0,130.448,134.285,Oh,sale,2,True
627,1,141.958,145.795,Mhm,sale,3,True
627,1,157.305,161.142,Mhm,sale,3,True
627,1,164.979,168.815,Right,sale,5,True
627,1,172.652,176.489,Mhm,sale,3,True
627,1,180.325,184.162,Mhm,sale,3,True
627,1,187.999,191.836,Yeah,sale,4,True
627,1,203.346,207.182,Sure,sale,4,True
627,0,214.856,218.693,Um,sale,2,True
627,1,218.693,222.529,Sure,sale,4,True
627,1,226.366,230.203,Mhm,sale,3,True
627,1,234.039,237.876,Yeah,sale,4,True
627,0,245.55,249.386,And,sale,3,True
627,1,257.06,260.896,Mhm,sale,3,True
627,1,264.733,268.57,Okay,sale,4,True
627,1,280.08,283.917,I,sale,1,True
627,1,287.753,291.59,do,sale,2,True
627,1,295.427,299.264,yeah,sale,4,True
627,1,303.1,306.937,Sure,sale,4,True
627,1,310.774,314.61,go,sale,2,True
627,0,329.957,333.794,the,sale,3,True
627,1,333.794,337.631,a,sale,1,True
627,1,341.467,345.304,pen,sale,3,True
627,0,345.304,349.141,to,sale,2,True
627,1,356.814,360.651,Mhm,sale,3,True
627,1,372.161,375.998,Mhm,sale,3,True
627,1,379.835,383.671,Yeah,sale,4,True
627,1,387.508,391.345,Mhm,sale,3,True
627,0,414.365,418.202,Ah,sale,2,True
627,1,418.202,422.038,So,sale,2,True
627,0,422.038,425.875,Yeah,sale,4,True
627,1,464.242,468.079,Okay,sale,4,True
627,0,468.079,471.916,Okay,sale,4,True
627,0,475.752,479.589,I'm,sale,3,True
627,1,494.936,498.773,Yeah,sale,4,True
627,1,502.609,506.446,Sure,sale,4,True
627,1,510.283,514.119,Mhm,sale,3,True
627,1,517.956,521.793,Yeah,sale,4,True
627,0,521.793,525.63,Yeah,sale,4,True
627,0,529.466,533.303,Yeah,sale,4,True
627,0,537.14,540.976,Mhm,sale,3,True
627,1,571.67,575.507,Yeah,sale,4,True
627,1,579.344,583.18,Mhm,sale,3,True
627,1,587.017,590.854,Yeah,sale,4,True
627,0,598.527,602.364,Okay,sale,4,True
627,0,606.201,610.037,Mhm,sale,3,True
627,0,613.874,617.711,Okay,sale,4,True
627,0,621.547,625.384,Yeah,sale,4,True
627,0,629.221,633.058,Mhm,sale,3,True
627,0,636.894,640.731,I,sale,1,True
627,1,640.731,644.568,Mhm,sale,3,True
627,1,648.404,652.241,Mhm,sale,3,True
627,1,656.078,659.915,Yeah,sale,4,True
627,1,663.751,667.588,Mhm,sale,3,True
627,1,679.098,682.935,Yeah,sale,4,True
627,0,690.608,694.445,Mhm,sale,3,True
627,1,694.445,698.282,Okay,sale,4,True
627,1,702.118,705.955,So,sale,2,True
627,1,709.792,713.628,20,sale,2,True
627,0,713.628,717.465,5,sale,1,True
627,1,717.465,721.302,yeah,sale,4,True
627,0,721.302,725.139,up,sale,2,True
627,1,732.812,736.649,K,sale,1,True
627,0,736.649,740.485,Yeah,sale,4,True
627,0,744.322,748.159,Mhm,sale,3,True
627,1,755.832,759.669,up,sale,2,True
627,0,775.016,778.853,is,sale,2,True
627,1,794.199,798.036,Mm,sale,2,True
627,1,801.873,805.71,The,sale,3,True
628,0,0.0,7.561,Hi,sale,2,True
628,0,45.368,52.929,Yeah,sale,4,True
628,1,52.929,60.49,Yeah,sale,4,True
628,0,105.858,113.419,mm,sale,2,True
628,1,113.419,120.98,Mhm,sale,3,True
628,0,136.103,143.664,Mhm,sale,3,True
628,1,143.664,151.225,uh,sale,2,True
628,0,181.47,189.032,Mhm,sale,3,True
628,1,189.032,196.593,mm,sale,2,True
628,1,204.154,211.715,Yeah,sale,4,True
628,0,226.838,234.399,Uh,sale,2,True
628,1,234.399,241.96,um,sale,2,True
628,0,241.96,249.522,huh,sale,3,True
628,1,264.644,272.205,Mhm,sale,3,True
628,0,287.328,294.889,Right,sale,5,True
628,1,310.012,317.573,Oh,sale,2,True
628,0,347.818,355.379,Mhm,sale,3,True
628,1,355.379,362.941,Mhm,sale,3,True
628,1,385.624,393.186,Okay,sale,4,True
628,1,400.747,408.308,Yeah,sale,4,True
628,1,430.992,438.553,Yeah,sale,4,True
628,0,453.676,461.237,Well,sale,4,True
628,0,483.921,491.482,a,sale,1,True
628,1,536.85,544.411,Mhm,sale,3,True
628,0,544.411,551.972,um,sale,2,True
628,1,551.972,559.533,Mhm,sale,3,True
628,1,567.095,574.656,Yeah,sale,4,True
628,1,582.217,589.779,Mhm,sale,3,True
628,0,604.901,612.462,Mhm,sale,3,True
628,1,627.585,635.146,Mhm,sale,3,True
628,1,642.707,650.269,Sure,sale,4,True
628,1,657.83,665.391,Yeah,sale,4,True
628,0,665.391,672.952,Yeah,sale,4,True
628,0,680.514,688.075,Okay,sale,4,True
628,1,688.075,695.636,Mhm,sale,3,True
628,1,703.197,710.759,Mhm,sale,3,True
637,0,8.523,17.047,Yeah,sale,4,True
637,1,17.047,25.57,Hi,sale,2,True
637,0,42.617,51.141,Yes,sale,3,True
637,1,85.234,93.758,Yeah,sale,4,True
637,1,102.281,110.805,Mhm,sale,3,True
637,1,153.422,161.945,Mhm,sale,3,True
637,1,187.515,196.039,Yeah,sale,4,True
637,1,204.562,213.086,wow,sale,3,True
637,1,238.656,247.179,Yeah,sale,4,True
637,0,264.226,272.75,Yes,sale,3,True
638,1,27.604,36.806,Mhm,sale,3,True
638,1,46.007,55.209,Yeah,sale,4,True
638,0,92.014,101.216,Mhm,sale,3,True
638,1,138.021,147.223,Mhm,sale,3,True
638,0,147.223,156.424,Okay,sale,4,True
638,0,165.626,174.827,Right,sale,5,True
638,0,184.029,193.23,Got,sale,3,True
638,1,193.23,202.431,and,sale,3,True
638,0,202.431,211.633,it,sale,2,True
638,1,230.036,239.237,Mhm,sale,3,True
638,1,248.439,257.64,Mhm,sale,3,True
638,0,276.043,285.244,Mm,sale,2,True
638,0,294.446,303.647,Mhm,sale,3,True
638,0,331.251,340.453,Mhm,sale,3,True
638,1,358.856,368.057,Yeah,sale,4,True
638,1,377.259,386.46,Mhm,sale,3,True
638,0,386.46,395.661,And,sale,3,True
638,1,395.661,404.863,Mhm,sale,3,True
638,1,414.064,423.266,Yeah,sale,4,True
638,1,432.467,441.669,Okay,sale,4,True
638,0,460.071,469.273,Mhm,sale,3,True
638,0,496.877,506.079,Mhm,sale,3,True
644,0,50.595,63.243,Yeah,sale,4,True
644,0,101.189,113.838,Okay,sale,4,True
644,1,164.432,177.081,Yes,sale,3,True
659,0,30.375,36.45,But,no sale,3,True
659,0,91.125,97.2,Not,no sale,3,True
659,0,139.725,145.8,Mhm,no sale,3,True
659,0,151.875,157.95,Yeah,no sale,4,True
659,1,170.1,176.175,Okay,no sale,4,True
659,0,188.325,194.4,No,no sale,2,True
659,1,194.4,200.475,the,no sale,3,True
659,0,200.475,206.55,I'm,no sale,3,True
66,1,0.0,15.804,Hey,sale,3,True
663,1,64.736,86.314,Yeah,sale,4,True
663,1,151.05,172.629,Yes,sale,3,True
663,1,366.836,388.414,Mhm,sale,3,True
663,0,474.729,496.307,I,sale,1,True
664,1,15.505,20.673,Okay,sale,4,True
664,0,20.673,25.842,mhm,sale,3,True
664,1,36.178,41.347,Mhm,sale,3,True
664,1,56.852,62.02,Mhm,sale,3,True
664,1,77.525,82.694,Mhm,sale,3,True
664,1,87.862,93.03,Mhm,sale,3,True
664,1,98.199,103.367,Mhm,sale,3,True
664,1,129.209,134.377,Yeah,sale,4,True
664,0,134.377,139.546,I,sale,1,True
664,0,155.051,160.219,I'm,sale,3,True
664,1,180.892,186.061,Mhm,sale,3,True
664,1,191.229,196.397,Mhm,sale,3,True
664,1,201.566,206.734,Yeah,sale,4,True
664,1,211.903,217.071,Yeah,sale,4,True
664,1,232.576,237.744,Yeah,sale,4,True
664,1,242.913,248.081,Yeah,sale,4,True
664,0,258.418,263.586,Yeah,sale,4,True
664,1,273.923,279.091,I,sale,1,True
664,0,289.428,294.596,Mhm,sale,3,True
664,1,315.27,320.438,uh,sale,2,True
664,0,341.111,346.28,Mhm,sale,3,True
664,1,356.616,361.785,Uh,sale,2,True
664,0,361.785,366.953,be,sale,2,True
664,1,366.953,372.122,huh,sale,3,True
664,0,382.458,387.627,229,sale,3,True
664,1,387.627,392.795,Yeah,sale,4,True
671,1,12.577,25.154,Yeah,no sale,4,True
671,1,37.731,50.308,Okay,no sale,4,True
671,1,62.885,75.462,Mhm,no sale,3,True
671,1,113.192,125.769,Yeah,no sale,4,True
671,1,138.346,150.923,Mhm,no sale,3,True
671,0,176.077,188.654,yeah,no sale,4,True
671,0,201.231,213.808,Mhm,no sale,3,True
671,1,238.962,251.538,Mhm,no sale,3,True
671,1,264.115,276.692,Mhm,no sale,3,True
671,1,314.423,327.0,No,no sale,2,True
671,0,327.0,339.577,No,no sale,2,True
671,1,440.192,452.769,Yeah,no sale,4,True
671,1,465.346,477.923,Yeah,no sale,4,True
672,1,27.0,36.0,Mhm,sale,3,True
672,1,63.0,72.0,Yeah,sale,4,True
672,0,90.0,99.0,Yeah,sale,4,True
672,1,99.0,108.0,Yeah,sale,4,True
672,1,117.0,126.0,Yeah,sale,4,True
672,1,135.0,144.0,Right,sale,5,True
672,1,153.0,162.0,Right,sale,5,True
672,1,171.0,180.0,Yeah,sale,4,True
672,1,189.0,198.0,Right,sale,5,True
672,1,225.0,234.0,Yeah,sale,4,True
672,1,243.0,252.0,Yeah,sale,4,True
672,0,270.0,279.0,Mhm,sale,3,True
672,1,315.0,324.0,Mhm,sale,3,True
672,0,342.0,351.0,Sure,sale,4,True
672,1,351.0,360.0,Yeah,sale,4,True
672,1,423.0,432.0,Mhm,sale,3,True
672,0,468.0,477.0,Yeah,sale,4,True
675,1,7.78,15.56,Okay,no sale,4,True
675,0,15.56,23.34,Oh,no sale,2,True
675,1,54.46,62.24,Yeah,no sale,4,True
675,1,70.02,77.8,Mhm,no sale,3,True
675,1,85.58,93.36,Um,no sale,2,True
675,0,108.92,116.7,Mhm,no sale,3,True
675,0,155.6,163.38,Yeah,no sale,4,True
675,1,178.94,186.72,Yes,no sale,3,True
675,1,194.5,202.28,lot,no sale,3,True
675,0,202.28,210.06,Yeah,no sale,4,True
675,0,217.84,225.62,Mhm,no sale,3,True
675,1,225.62,233.4,Um,no sale,2,True
675,0,248.96,256.74,Mhm,no sale,3,True
675,1,272.3,280.08,It,no sale,2,True
675,0,280.08,287.86,did,no sale,3,True
675,0,295.64,303.42,Oh,no sale,2,True
675,1,318.98,326.76,Yeah,no sale,4,True
675,0,342.32,350.1,Sure,no sale,4,True
675,1,365.66,373.44,um,no sale,2,True
675,0,373.44,381.22,Uh,no sale,2,True
675,0,389.0,396.78,Yeah,no sale,4,True
675,0,420.12,427.9,Mhm,no sale,3,True
675,1,443.46,451.24,Yeah,no sale,4,True
675,0,466.8,474.58,Yeah,no sale,4,True
675,1,490.14,497.92,Um,no sale,2,True
675,1,614.62,622.4,But,no sale,3,True
675,0,637.96,645.74,but,no sale,3,True
675,1,661.3,669.08,No,no sale,2,True
675,1,692.42,700.2,Ah,no sale,2,True
675,0,715.76,723.54,Mhm,no sale,3,True
675,1,723.54,731.32,Yeah,no sale,4,True
676,1,0.0,10.249,Hello,sale,5,True
676,0,10.249,20.497,two,sale,3,True
676,0,92.237,102.486,Yes,sale,3,True
676,0,112.734,122.983,Yes,sale,3,True
676,1,143.48,153.729,Mhm,sale,3,True
676,0,235.717,245.966,Yes,sale,3,True
676,1,307.457,317.706,Sure,sale,4,True
676,0,317.706,327.954,I'm,sale,3,True
677,0,19.514,39.029,Yes,sale,3,True
677,0,58.543,78.057,mm,sale,2,True
677,0,97.571,117.086,Hi,sale,2,True
677,1,117.086,136.6,Yeah,sale,4,True
677,0,136.6,156.114,Yeah,sale,4,True
677,0,331.743,351.257,Yeah,sale,4,True
678,1,0.0,4.081,Okay,sale,4,True
678,0,4.081,8.162,Yeah,sale,4,True
678,0,12.243,16.325,mm,sale,2,True
678,0,20.406,24.487,Yeah,sale,4,True
678,1,40.812,44.893,Okay,sale,4,True
678,0,53.055,57.136,Yeah,sale,4,True
678,0,61.217,65.298,the,sale,3,True
678,0,69.38,73.461,two,sale,3,True
678,1,73.461,77.542,you,sale,3,True
678,0,93.867,97.948,But,sale,3,True
678,1,106.11,110.191,Mhm,sale,3,True
678,0,126.516,130.597,Mhm,sale,3,True
678,0,134.678,138.759,Yeah,sale,4,True
678,0,151.003,155.084,I,sale,1,True
678,0,175.49,179.571,to,sale,2,True
678,0,199.977,204.058,Mhm,sale,3,True
684,1,2.89,5.78,Mhm,sale,3,True
684,1,14.449,17.339,Mhm,sale,3,True
684,1,20.229,23.119,Yeah,sale,4,True
684,0,28.898,31.788,Mhm,sale,3,True
684,0,34.678,37.568,Mhm,sale,3,True
684,0,40.458,43.348,Yeah,sale,4,True
684,0,46.237,49.127,Oh,sale,2,True
684,1,54.907,57.797,Mhm,sale,3,True
684,1,60.687,63.576,Okay,sale,4,True
684,1,66.466,69.356,Mhm,sale,3,True
684,0,75.136,78.026,it,sale,2,True
684,0,98.254,101.144,But,sale,3,True
684,1,106.924,109.814,Um,sale,2,True
684,1,112.704,115.593,um,sale,2,True
684,0,121.373,124.263,Mhm,sale,3,True
684,1,130.043,132.932,Um,sale,2,True
684,1,135.822,138.712,How,sale,3,True
684,0,138.712,141.602,one,sale,3,True
684,0,144.492,147.382,Um,sale,2,True
684,0,150.271,153.161,I'm,sale,3,True
684,1,158.941,161.831,Mhm,sale,3,True
684,1,164.721,167.61,Mhm,sale,3,True
684,1,170.5,173.39,mm,sale,2,True
684,1,182.06,184.95,200,sale,3,True
684,0,190.729,193.619,okay,sale,4,True
684,0,196.509,199.399,Oh,sale,2,True
684,0,208.068,210.958,no,sale,2,True
684,1,210.958,213.848,Um,sale,2,True
684,0,219.628,222.517,Yeah,sale,4,True
684,0,225.407,228.297,Yeah,sale,4,True
684,0,231.187,234.077,Right,sale,5,True
684,0,236.967,239.856,Mhm,sale,3,True
684,0,242.746,245.636,Yeah,sale,4,True
684,1,251.416,254.306,um,sale,2,True
684,1,257.195,260.085,mm,sale,2,True
684,1,262.975,265.865,Mhm,sale,3,True
684,1,268.755,271.645,Yeah,sale,4,True
684,0,277.424,280.314,Oh,sale,2,True
684,0,288.984,291.873,Yeah,sale,4,True
684,0,294.763,297.653,Mhm,sale,3,True
684,0,300.543,303.433,846,sale,3,True
684,0,306.323,309.212,Mhm,sale,3,True
684,0,312.102,314.992,Mhm,sale,3,True
684,0,323.662,326.551,Mhm,sale,3,True
684,1,343.89,346.78,wow,sale,3,True
684,1,349.67,352.56,Yeah,sale,4,True
684,1,355.45,358.34,Yeah,sale,4,True
684,1,361.23,364.119,Yeah,sale,4,True
684,0,369.899,372.789,Mhm,sale,3,True
684,0,375.679,378.569,mm,sale,2,True
684,1,384.348,387.238,Yeah,sale,4,True
684,1,390.128,393.018,Mhm,sale,3,True
684,0,398.797,401.687,mm,sale,2,True
684,1,401.687,404.577,mm,sale,2,True
684,1,407.467,410.357,Mhm,sale,3,True
684,1,413.247,416.136,Yeah,sale,4,True
684,0,421.916,424.806,Mhm,sale,3,True
684,0,433.475,436.365,Yeah,sale,4,True
684,1,442.145,445.035,so,sale,2,True
684,1,447.925,450.814,you,sale,3,True
684,0,462.374,465.264,Yeah,sale,4,True
684,1,476.823,479.713,Um,sale,2,True
684,1,482.603,485.492,Hey,sale,3,True
684,1,488.382,491.272,Yes,sale,3,True
684,0,491.272,494.162,Yeah,sale,4,True
684,0,497.052,499.942,I'm,sale,3,True
684,1,517.281,520.17,in,sale,2,True
684,1,528.84,531.73,you,sale,3,True
684,0,543.289,546.179,Mhm,sale,3,True
684,1,557.738,560.628,Um,sale,2,True
684,1,563.518,566.408,Mhm,sale,3,True
684,0,566.408,569.298,Right,sale,5,True
684,1,569.298,572.188,Yeah,sale,4,True
684,0,572.188,575.077,Um,sale,2,True
684,1,575.077,577.967,Mhm,sale,3,True
684,0,583.747,586.637,Yeah,sale,4,True
684,0,589.527,592.416,Mhm,sale,3,True
684,0,595.306,598.196,mhm,sale,3,True
684,0,601.086,603.976,mhm,sale,3,True
684,0,606.866,609.755,mm,sale,2,True
684,0,612.645,615.535,hmm,sale,3,True
684,1,621.315,624.205,um,sale,2,True
684,0,635.764,638.654,Oh,sale,2,True
684,1,644.433,647.323,Um,sale,2,True
684,0,653.103,655.993,Okay,sale,4,True
684,0,658.883,661.772,210,sale,3,True
684,1,679.111,682.001,Mhm,sale,3,True
684,0,687.781,690.671,Mhm,sale,3,True
684,0,693.561,696.45,Oh,sale,2,True
684,0,705.12,708.01,mm,sale,2,True
684,0,710.9,713.79,Mhm,sale,3,True
684,1,713.79,716.679,mm,sale,2,True
684,0,722.459,725.349,I'm,sale,3,True
684,0,734.018,736.908,Yeah,sale,4,True
684,0,739.798,742.688,Yeah,sale,4,True
684,1,748.468,751.357,Um,sale,2,True
684,0,757.137,760.027,mhm,sale,3,True
684,0,762.917,765.807,mhm,sale,3,True
684,0,768.696,771.586,Oh,sale,2,True
684,0,780.256,783.146,Yeah,sale,4,True
684,0,786.035,788.925,Mhm,sale,3,True
684,1,817.824,820.713,um,sale,2,True
684,1,823.603,826.493,Oh,sale,2,True
684,0,826.493,829.383,yeah,sale,4,True
684,0,838.052,840.942,30,sale,2,True
684,0,849.612,852.502,right,sale,5,True
684,1,852.502,855.391,to,sale,2,True
684,0,855.391,858.281,now,sale,3,True
684,1,858.281,861.171,uh,sale,2,True
684,0,866.951,869.841,2,sale,1,True
684,1,869.841,872.73,You,sale,3,True
684,0,872.73,875.62,28,sale,2,True
690,1,5.742,11.483,Yeah,sale,4,True
690,0,11.483,17.225,Yeah,sale,4,True
690,1,63.157,68.898,Mhm,sale,3,True
690,0,80.382,86.123,Yeah,sale,4,True
690,1,97.606,103.348,I'm,sale,3,True
690,0,103.348,109.089,if,sale,2,True
690,1,120.572,126.314,to,sale,2,True
690,0,137.797,143.538,Right,sale,5,True
690,1,155.022,160.763,Yeah,sale,4,True
690,1,200.954,206.695,yeah,sale,4,True
690,0,206.695,212.437,I,sale,1,True
690,1,235.403,241.145,No,sale,2,True
690,1,246.886,252.628,I,sale,1,True
690,0,275.594,281.335,Yeah,sale,4,True
690,1,292.818,298.56,for,sale,3,True
690,0,333.009,338.751,Yeah,sale,4,True
690,0,355.975,361.717,Okay,sale,4,True
690,1,361.717,367.458,Right,sale,5,True
690,0,367.458,373.2,I,sale,1,True
690,1,373.2,378.942,I,sale,1,True
690,1,407.649,413.391,Mhm,sale,3,True
690,0,424.874,430.615,Mhm,sale,3,True
690,0,436.357,442.098,Mhm,sale,3,True
690,0,447.84,453.582,2,sale,1,True
690,1,453.582,459.323,2,sale,1,True
690,0,459.323,465.065,35,sale,2,True
690,1,465.065,470.806,35,sale,2,True
690,0,493.772,499.514,the,sale,3,True
690,0,505.255,510.997,Yeah,sale,4,True
690,1,533.963,539.705,all,sale,3,True
690,0,539.705,545.446,I,sale,1,True
690,1,545.446,551.188,got,sale,3,True
690,1,556.929,562.671,our,sale,3,True
690,1,579.895,585.637,Okay,sale,4,True
690,0,597.12,602.862,yeah,sale,4,True
690,0,620.086,625.828,Yeah,sale,4,True
690,0,654.535,660.277,I,sale,1,True
690,1,694.726,700.468,But,sale,3,True
690,1,717.692,723.434,Yeah,sale,4,True
690,1,729.175,734.917,I,sale,1,True
690,0,734.917,740.658,But,sale,3,True
690,1,740.658,746.4,get,sale,3,True
690,1,752.142,757.883,yeah,sale,4,True
690,0,769.366,775.108,due,sale,3,True
690,1,775.108,780.849,I,sale,1,True
690,0,792.332,798.074,Mhm,sale,3,True
690,0,803.815,809.557,Yeah,sale,4,True
692,0,8.418,12.627,Okay,sale,4,True
692,1,29.463,33.672,Mhm,sale,3,True
692,1,37.881,42.09,Okay,sale,4,True
692,0,42.09,46.299,Mhm,sale,3,True
692,1,63.135,67.344,Mhm,sale,3,True
692,1,71.553,75.763,The,sale,3,True
692,1,79.972,84.181,Mhm,sale,3,True
692,0,92.599,96.808,Mhm,sale,3,True
692,0,101.017,105.226,Mhm,sale,3,True
692,0,126.271,130.48,Right,sale,5,True
692,0,134.689,138.898,mm,sale,2,True
692,1,147.316,151.525,Mhm,sale,3,True
692,0,159.943,164.152,Yeah,sale,4,True
692,1,172.57,176.779,Mhm,sale,3,True
692,1,180.988,185.197,Yeah,sale,4,True
692,1,197.824,202.033,uh,sale,2,True
692,1,214.66,218.87,Mhm,sale,3,True
692,1,223.079,227.288,Yeah,sale,4,True
692,1,231.497,235.706,Yeah,sale,4,True
692,1,239.915,244.124,Yes,sale,3,True
692,1,248.333,252.542,Yeah,sale,4,True
692,1,256.751,260.96,Okay,sale,4,True
692,1,265.169,269.378,No,sale,2,True
692,0,286.214,290.423,Yeah,sale,4,True
692,0,303.05,307.259,Yeah,sale,4,True
692,1,315.677,319.886,Right,sale,5,True
692,1,324.095,328.304,Mhm,sale,3,True
692,1,332.513,336.722,Yes,sale,3,True
692,1,340.931,345.14,Mhm,sale,3,True
692,1,349.349,353.558,Yeah,sale,4,True
692,0,378.813,383.022,for,sale,3,True
692,0,387.231,391.44,it,sale,2,True
692,1,399.858,404.067,Okay,sale,4,True
692,1,408.276,412.485,Mhm,sale,3,True
692,0,420.903,425.112,Yeah,sale,4,True
692,1,433.53,437.739,Yeah,sale,4,True
692,0,454.575,458.784,Mhm,sale,3,True
692,0,462.993,467.202,Yeah,sale,4,True
692,1,484.038,488.247,I,sale,1,True
692,0,496.665,500.874,Yeah,sale,4,True
692,0,505.083,509.293,Mhm,sale,3,True
692,0,513.502,517.711,So,sale,2,True
692,1,517.711,521.92,And,sale,3,True
692,0,521.92,526.129,I,sale,1,True
692,1,542.965,547.174,so,sale,2,True
692,0,555.592,559.801,Mm,sale,2,True
692,0,564.01,568.219,Mhm,sale,3,True
692,0,572.428,576.637,Yeah,sale,4,True
692,0,580.846,585.055,for,sale,3,True
692,1,585.055,589.264,Yeah,sale,4,True
692,1,593.473,597.682,and,sale,3,True
692,0,606.1,610.309,Yeah,sale,4,True
692,0,614.518,618.727,but,sale,3,True
692,1,618.727,622.936,and,sale,3,True
692,0,631.354,635.563,wow,sale,3,True
692,0,639.772,643.981,Yeah,sale,4,True
692,0,656.609,660.818,as,sale,2,True
692,1,660.818,665.027,Yes,sale,3,True
692,1,669.236,673.445,So,sale,2,True
692,0,673.445,677.654,I,sale,1,True
692,1,702.908,707.117,Okay,sale,4,True
692,1,711.326,715.535,Okay,sale,4,True
692,1,719.744,723.953,I,sale,1,True
692,0,732.371,736.58,Yeah,sale,4,True
692,0,740.789,744.998,Mm,sale,2,True
692,1,753.416,757.625,Mhm,sale,3,True
692,1,761.834,766.043,mm,sale,2,True
692,1,770.252,774.461,Yeah,sale,4,True
692,1,778.67,782.879,Okay,sale,4,True
692,1,795.507,799.716,So,sale,2,True
692,1,803.925,808.134,mhm,sale,3,True
692,1,812.343,816.552,I,sale,1,True
692,1,837.597,841.806,Yeah,sale,4,True
692,1,854.433,858.642,Okay,sale,4,True
693,0,0.0,14.709,Hello,no sale,5,True
693,1,14.709,29.417,Hello,no sale,5,True
693,1,73.543,88.251,Mhm,no sale,3,True
693,0,147.086,161.794,Okay,no sale,4,True
693,1,191.211,205.92,Yeah,no sale,4,True
693,0,235.337,250.046,yeah,no sale,4,True
693,0,264.754,279.463,Yeah,no sale,4,True
693,0,382.423,397.131,Yeah,no sale,4,True
693,0,647.177,661.886,it,no sale,2,True
693,1,720.72,735.429,Oh,no sale,2,True
693,0,764.846,779.554,Mhm,no sale,3,True
693,1,808.971,823.68,Yeah,no sale,4,True
697,0,35.345,44.182,Yes,sale,3,True
697,0,53.018,61.855,Yeah,sale,4,True
697,0,70.691,79.527,Okay,sale,4,True
697,1,114.873,123.709,And,sale,3,True
697,0,123.709,132.545,Yeah,sale,4,True
697,0,159.055,167.891,Sure,sale,4,True
697,0,176.727,185.564,Okay,sale,4,True
697,1,256.255,265.091,Yeah,sale,4,True
697,0,282.764,291.6,Yes,sale,3,True
697,1,291.6,300.436,Okay,sale,4,True
697,0,300.436,309.273,Yeah,sale,4,True
697,0,318.109,326.945,Yes,sale,3,True
697,1,344.618,353.455,Mhm,sale,3,True
697,1,379.964,388.8,Yeah,sale,4,True
697,0,406.473,415.309,Mhm,sale,3,True
697,0,424.145,432.982,Sure,sale,4,True
697,0,441.818,450.655,Yeah,sale,4,True
697,0,459.491,468.327,Yes,sale,3,True
697,0,477.164,486.0,Yes,sale,3,True
697,0,494.836,503.673,Yeah,sale,4,True
697,0,512.509,521.345,Mhm,sale,3,True
697,1,539.018,547.855,Mm,sale,2,True
697,1,556.691,565.527,Yeah,sale,4,True
697,0,565.527,574.364,Yeah,sale,4,True
699,0,4.359,8.718,Yeah,sale,4,True
699,0,13.077,17.436,Yeah,sale,4,True
699,0,21.795,26.154,yep,sale,3,True
699,0,39.231,43.59,Okay,sale,4,True
699,1,43.59,47.95,yeah,sale,4,True
699,1,61.027,65.386,I,sale,1,True
699,1,95.899,100.258,Okay,sale,4,True
699,1,104.617,108.976,okay,sale,4,True
699,1,130.771,135.13,be,sale,2,True
699,1,148.208,152.567,Okay,sale,4,True
699,1,156.926,161.285,I'm,sale,3,True
699,0,196.157,200.516,Yeah,sale,4,True
699,0,204.875,209.234,Oh,sale,2,True
699,1,217.952,222.311,Mhm,sale,3,True
699,1,226.67,231.03,Okay,sale,4,True
699,1,235.389,239.748,Okay,sale,4,True
699,0,239.748,244.107,you,sale,3,True
699,1,244.107,248.466,Okay,sale,4,True
699,1,252.825,257.184,Okay,sale,4,True
699,0,300.774,305.133,Uh,sale,2,True
699,1,305.133,309.492,right,sale,5,True
699,0,309.492,313.851,huh,sale,3,True
699,1,313.851,318.21,now,sale,3,True
699,1,322.57,326.929,Oh,sale,2,True
699,0,335.647,340.006,Okay,sale,4,True
699,0,344.365,348.724,Right,sale,5,True
699,1,366.16,370.519,Right,sale,5,True
699,0,379.237,383.596,Mhm,sale,3,True
699,1,392.314,396.673,I,sale,1,True
699,1,409.75,414.11,yeah,sale,4,True
699,1,418.469,422.828,but,sale,3,True
699,0,448.982,453.341,Okay,sale,4,True
699,1,462.059,466.418,Okay,sale,4,True
699,1,470.777,475.136,Mhm,sale,3,True
699,0,492.572,496.931,Mhm,sale,3,True
699,1,514.368,518.727,You,sale,3,True
699,0,518.727,523.086,Yeah,sale,4,True
699,0,527.445,531.804,330,sale,3,True
699,1,531.804,536.163,A,sale,1,True
699,1,540.522,544.881,Yes,sale,3,True
70,0,0.0,12.502,Okay,no sale,4,True
706,0,33.194,44.258,Okay,no sale,4,True
706,1,44.258,55.323,Yeah,no sale,4,True
706,1,110.645,121.71,Yeah,no sale,4,True
706,0,143.839,154.904,Mhm,no sale,3,True
706,0,165.968,177.033,Yeah,no sale,4,True
706,1,177.033,188.097,so,no sale,2,True
706,0,188.097,199.162,Yeah,no sale,4,True
706,1,199.162,210.226,yeah,no sale,4,True
706,0,210.226,221.291,Yeah,no sale,4,True
706,1,221.291,232.355,Um,no sale,2,True
706,0,232.355,243.42,yep,no sale,3,True
706,1,287.678,298.743,Yeah,no sale,4,True
706,1,309.807,320.872,Mhm,no sale,3,True
706,0,320.872,331.936,for,no sale,3,True
706,1,331.936,343.001,Mhm,no sale,3,True
706,1,398.324,409.388,Mhm,no sale,3,True
706,1,464.711,475.775,Mhm,no sale,3,True
708,1,9.567,14.35,Mhm,no sale,3,True
708,0,23.917,28.701,Okay,no sale,4,True
708,0,33.484,38.268,Yeah,no sale,4,True
708,0,43.051,47.834,Mhm,no sale,3,True
708,0,52.618,57.401,wow,no sale,3,True
708,1,66.968,71.752,Mhm,no sale,3,True
708,1,76.535,81.319,Mhm,no sale,3,True
708,1,86.102,90.886,Mhm,no sale,3,True
708,1,95.669,100.452,Okay,no sale,4,True
708,0,100.452,105.236,Mm,no sale,2,True
708,0,110.019,114.803,Mhm,no sale,3,True
708,1,124.37,129.153,Mhm,no sale,3,True
712,1,22.356,29.808,Okay,sale,4,True
712,0,29.808,37.26,No,sale,2,True
712,0,74.52,81.972,Mm,sale,2,True
712,0,89.424,96.876,Mhm,sale,3,True
712,0,104.328,111.78,Mhm,sale,3,True
712,0,119.232,126.684,mm,sale,2,True
712,0,134.136,141.588,mm,sale,2,True
712,0,163.944,171.396,Yeah,sale,4,True
712,1,171.396,178.848,out,sale,3,True
712,0,208.656,216.108,Yeah,sale,4,True
712,0,223.56,231.012,Okay,sale,4,True
712,1,245.916,253.368,Yeah,sale,4,True
712,0,283.176,290.628,Yeah,sale,4,True
712,1,305.532,312.984,Mm,sale,2,True
712,0,327.888,335.34,Oh,sale,2,True
712,1,335.34,342.792,So,sale,2,True
712,0,342.792,350.244,no,sale,2,True
712,0,372.6,380.052,you,sale,3,True
712,1,409.86,417.312,Yeah,sale,4,True
712,0,432.216,439.668,Sure,sale,4,True
712,1,454.572,462.024,Mhm,sale,3,True
712,1,469.476,476.928,Right,sale,5,True
712,0,491.832,499.284,Mhm,sale,3,True
712,0,506.736,514.188,Mhm,sale,3,True
712,1,529.092,536.544,Yeah,sale,4,True
712,1,573.804,581.256,Yeah,sale,4,True
712,0,581.256,588.708,me,sale,2,True
712,0,596.16,603.612,Mhm,sale,3,True
712,1,618.516,625.968,Yeah,sale,4,True
712,1,633.42,640.872,sure,sale,4,True
712,0,655.776,663.228,Yeah,sale,4,True
712,0,670.68,678.132,Yes,sale,3,True
716,1,0.0,8.666,Hi,sale,2,True
716,0,25.997,34.662,Mhm,sale,3,True
716,0,60.659,69.324,Mm,sale,2,True
716,1,69.324,77.99,And,sale,3,True
716,0,77.99,86.655,No,sale,2,True
716,0,112.652,121.317,Yeah,sale,4,True
716,0,129.983,138.649,And,sale,3,True
716,0,147.314,155.98,Mhm,sale,3,True
716,1,173.311,181.976,Yeah,sale,4,True
716,0,199.307,207.973,Mhm,sale,3,True
716,0,216.638,225.304,Mhm,sale,3,True
716,0,268.631,277.297,Mhm,sale,3,True
716,0,303.294,311.959,Mhm,sale,3,True
716,0,320.625,329.29,mm,sale,2,True
716,1,346.621,355.287,Yeah,sale,4,True
716,1,363.952,372.618,Oh,sale,2,True
716,1,381.283,389.949,200,sale,3,True
716,1,398.614,407.28,Yeah,sale,4,True
716,0,424.611,433.277,Mhm,sale,3,True
716,0,441.942,450.608,Mhm,sale,3,True
716,0,459.273,467.939,Yeah,sale,4,True
716,0,476.604,485.27,Mhm,sale,3,True
716,1,502.601,511.266,Yeah,sale,4,True
716,0,528.597,537.263,Yeah,sale,4,True
716,0,545.929,554.594,Yeah,sale,4,True
716,1,571.925,580.591,Oh,sale,2,True
716,1,606.587,615.253,Mhm,sale,3,True
716,1,623.918,632.584,Yeah,sale,4,True
716,0,667.246,675.911,Mhm,sale,3,True
716,0,684.577,693.243,Yeah,sale,4,True
716,0,719.239,727.905,and,sale,3,True
716,0,736.57,745.236,mhm,sale,3,True
716,0,753.901,762.567,mm,sale,2,True
716,0,771.232,779.898,Mhm,sale,3,True
716,0,788.563,797.229,Mhm,sale,3,True
718,0,12.254,18.381,Yes,sale,3,True
718,0,36.761,42.888,Yeah,sale,4,True
718,1,55.142,61.269,Right,sale,5,True
718,0,85.776,91.903,Yeah,sale,4,True
718,1,153.172,159.299,Oh,sale,2,True
718,1,177.68,183.807,Mhm,sale,3,True
718,0,196.06,202.187,Yeah,sale,4,True
718,0,208.314,214.441,Yeah,sale,4,True
718,1,214.441,220.568,him,sale,3,True
718,0,220.568,226.695,Mhm,sale,3,True
718,1,238.949,245.075,Yeah,sale,4,True
718,1,251.202,257.329,Yeah,sale,4,True
718,1,263.456,269.583,Mm,sale,2,True
718,1,349.232,355.359,Sure,sale,4,True
718,1,361.486,367.613,So,sale,2,True
720,1,31.245,41.659,Mhm,sale,3,True
720,0,187.467,197.882,Yeah,sale,4,True
720,1,239.541,249.956,Mhm,sale,3,True
720,1,260.371,270.786,Okay,sale,4,True
720,1,281.201,291.615,So,sale,2,True
720,0,291.615,302.03,yeah,sale,4,True
720,1,343.69,354.105,Mhm,sale,3,True
720,0,354.105,364.519,25,sale,2,True
720,0,374.934,385.349,yep,sale,3,True
720,0,416.594,427.008,it,sale,2,True
720,1,447.838,458.253,Yeah,sale,4,True
720,1,489.497,499.912,Mhm,sale,3,True
720,1,510.327,520.742,Mhm,sale,3,True
720,1,531.157,541.572,Yeah,sale,4,True
720,0,583.231,593.646,Mhm,sale,3,True
720,0,604.061,614.475,30,sale,2,True
722,1,55.698,63.655,Mhm,sale,3,True
722,0,79.569,87.526,Yeah,sale,4,True
722,1,119.354,127.311,Mhm,sale,3,True
722,0,159.138,167.095,Um,sale,2,True
722,1,183.009,190.966,mm,sale,2,True
722,1,198.923,206.88,Mhm,sale,3,True
722,1,230.751,238.708,Yeah,sale,4,True
722,0,254.622,262.578,Um,sale,2,True
722,1,278.492,286.449,Mm,sale,2,True
722,1,294.406,302.363,Yeah,sale,4,True
724,0,103.986,118.841,So,no sale,2,True
724,0,222.826,237.682,Mm,no sale,2,True
724,0,282.247,297.102,Yeah,no sale,4,True
724,1,326.812,341.667,Yeah,no sale,4,True
724,0,371.377,386.232,Yeah,no sale,4,True
724,0,401.088,415.943,Yeah,no sale,4,True
724,1,445.653,460.508,Right,no sale,5,True
724,0,490.218,505.073,No,no sale,2,True
724,1,564.494,579.349,Yeah,no sale,4,True
724,0,609.059,623.914,yeah,no sale,4,True
724,1,653.624,668.479,Okay,no sale,4,True
724,0,698.189,713.045,Yeah,no sale,4,True
724,0,727.9,742.755,Oh,no sale,2,True
724,1,742.755,757.61,All,no sale,3,True
724,0,757.61,772.465,yeah,no sale,4,True
729,1,0.0,5.228,Yeah,no sale,4,True
729,1,83.646,88.874,Well,no sale,4,True
729,0,88.874,94.101,So,no sale,2,True
729,1,135.924,141.152,Okay,no sale,4,True
729,1,156.836,162.064,Mhm,no sale,3,True
729,1,188.203,193.431,I,no sale,1,True
729,1,198.659,203.886,I,no sale,1,True
729,1,230.026,235.254,Yeah,no sale,4,True
729,0,256.165,261.393,Yeah,no sale,4,True
729,0,277.076,282.304,Yeah,no sale,4,True
729,1,292.76,297.988,Mhm,no sale,3,True
729,0,297.988,303.216,two,no sale,3,True
729,1,303.216,308.444,Oh,no sale,2,True
729,0,318.899,324.127,and,no sale,3,True
729,0,371.178,376.406,Right,no sale,5,True
729,0,381.634,386.861,so,no sale,2,True
729,0,402.545,407.773,So,no sale,2,True
729,0,413.001,418.229,Mhm,no sale,3,True
729,0,454.824,460.051,yes,no sale,3,True
729,1,470.507,475.735,I,no sale,1,True
729,0,475.735,480.963,I,no sale,1,True
729,1,533.241,538.469,Yeah,no sale,4,True
729,0,538.469,543.697,Yeah,no sale,4,True
729,0,611.659,616.887,the,no sale,3,True
729,0,643.026,648.254,No,no sale,2,True
729,0,653.482,658.71,I,no sale,1,True
729,0,674.394,679.621,No,no sale,2,True
729,1,710.989,716.216,29,no sale,2,True
729,1,721.444,726.672,5,no sale,1,True
729,1,731.9,737.128,I,no sale,1,True
729,0,747.584,752.811,of,no sale,2,True
729,1,752.811,758.039,but,no sale,3,True
729,1,763.267,768.495,you,no sale,3,True
729,0,789.406,794.634,Um,no sale,2,True
729,1,815.546,820.774,Okay,no sale,4,True
729,1,826.001,831.229,how,no sale,3,True
733,0,15.499,30.999,yep,no sale,3,True
733,0,46.498,61.997,Mhm,no sale,3,True
733,0,108.495,123.995,Yeah,no sale,4,True
733,1,154.994,170.493,Mhm,no sale,3,True
733,1,185.992,201.492,Um,no sale,2,True
733,1,278.988,294.488,Mhm,no sale,3,True
733,1,309.987,325.486,Yeah,no sale,4,True
733,1,340.986,356.485,Mhm,no sale,3,True
733,1,402.983,418.483,Mhm,no sale,3,True
741,1,24.293,32.391,Yes,sale,3,True
741,1,89.076,97.173,Yeah,sale,4,True
741,1,105.271,113.369,Mhm,sale,3,True
741,0,129.564,137.662,Okay,sale,4,True
741,1,170.053,178.151,Oh,sale,2,True
741,1,186.249,194.347,yeah,sale,4,True
741,0,210.542,218.64,Mhm,sale,3,True
741,0,226.738,234.836,Right,sale,5,True
741,1,299.618,307.716,Yeah,sale,4,True
741,1,332.009,340.107,Yeah,sale,4,True
741,0,356.302,364.4,Okay,sale,4,True
741,0,404.889,412.987,Oh,sale,2,True
741,1,412.987,421.084,Mhm,sale,3,True
745,1,19.854,29.781,Yes,sale,3,True
745,1,39.709,49.636,Hi,sale,2,True
745,0,89.344,99.271,Right,sale,5,True
745,0,129.053,138.98,Oh,sale,2,True
745,0,248.179,258.106,Yeah,sale,4,True
745,0,307.741,317.669,we,sale,2,True
745,1,317.669,327.596,a,sale,1,True
745,1,377.231,387.159,Yeah,sale,4,True
748,1,20.745,27.66,Yes,sale,3,True
748,1,48.405,55.32,Yeah,sale,4,True
748,0,69.15,76.065,Mhm,sale,3,True
748,0,110.64,117.555,Sure,sale,4,True
748,0,152.13,159.045,Well,sale,4,True
748,1,159.045,165.96,Um,sale,2,True
748,1,186.705,193.62,Yeah,sale,4,True
748,1,200.535,207.45,Yeah,sale,4,True
748,1,214.365,221.28,Yeah,sale,4,True
748,1,242.025,248.94,you,sale,3,True
748,1,255.855,262.77,are,sale,3,True
748,0,345.75,352.665,mhm,sale,3,True
748,0,387.24,394.155,Uh,sale,2,True
748,0,401.07,407.985,huh,sale,3,True
748,1,435.645,442.56,yeah,sale,4,True
748,0,470.22,477.135,Yeah,sale,4,True
748,0,484.05,490.965,Okay,sale,4,True
748,1,532.455,539.37,Right,sale,5,True
748,1,560.115,567.03,I,sale,1,True
748,1,573.945,580.86,yeah,sale,4,True
748,1,587.775,594.69,for,sale,3,True
748,0,594.69,601.605,one,sale,3,True
748,0,677.67,684.585,it,sale,2,True
748,1,864.375,871.29,The,sale,3,True
748,1,878.205,885.12,yes,sale,3,True
757,0,0.0,18.184,Hello,sale,5,True
757,1,18.184,36.367,Hello,sale,5,True
762,1,93.387,116.733,yeah,sale,4,True
762,0,303.507,326.853,Yeah,sale,4,True
767,1,0.0,11.383,Hello,no sale,5,True
767,0,34.15,45.533,Okay,no sale,4,True
767,1,91.066,102.449,Mhm,no sale,3,True
767,0,125.215,136.598,Sure,no sale,4,True
767,1,204.898,216.281,Um,no sale,2,True
767,0,239.047,250.43,Mhm,no sale,3,True
773,1,54.0,59.4,I,no sale,1,True
773,0,70.2,75.6,it,no sale,2,True
773,0,91.8,97.2,go,no sale,2,True
773,0,102.6,108.0,Mhm,no sale,3,True
773,0,113.4,118.8,Yes,no sale,3,True
778,0,10.351,15.527,Alright,sale,7,True
778,1,15.527,20.702,go,sale,2,True
778,0,41.404,46.58,Mhm,sale,3,True
778,1,56.931,62.106,Mhm,sale,3,True
778,1,67.282,72.458,Yeah,sale,4,True
778,1,77.633,82.809,Mhm,sale,3,True
778,0,93.16,98.335,Mhm,sale,3,True
778,0,103.511,108.686,Mhm,sale,3,True
778,1,119.037,124.213,Uh,sale,2,True
778,1,150.091,155.266,Mhm,sale,3,True
778,1,181.144,186.319,Right,sale,5,True
778,1,191.495,196.671,So,sale,2,True
778,1,222.548,227.724,Okay,sale,4,True
778,1,232.899,238.075,Yeah,sale,4,True
778,0,248.426,253.601,Mhm,sale,3,True
778,1,263.953,269.128,Okay,sale,4,True
778,1,274.304,279.479,Mhm,sale,3,True
778,0,310.532,315.708,Uh,sale,2,True
778,0,320.883,326.059,huh,sale,3,True
778,1,346.761,351.937,Yeah,sale,4,True
778,0,362.288,367.463,Okay,sale,4,True
778,1,377.814,382.99,Okay,sale,4,True
778,0,393.341,398.517,but,sale,3,True
778,0,403.692,408.868,Mhm,sale,3,True
778,0,414.043,419.219,Mhm,sale,3,True
778,1,429.57,434.745,but,sale,3,True
778,0,434.745,439.921,So,sale,2,True
778,0,445.096,450.272,yeah,sale,4,True
778,1,481.325,486.501,Mhm,sale,3,True
778,1,491.676,496.852,Yeah,sale,4,True
778,0,507.203,512.378,Okay,sale,4,True
778,1,522.729,527.905,Uh,sale,2,True
778,0,527.905,533.081,is,sale,2,True
778,1,533.081,538.256,huh,sale,3,True
778,0,548.607,553.783,Mhm,sale,3,True
778,1,564.134,569.309,Sure,sale,4,True
778,1,574.485,579.66,Yeah,sale,4,True
778,0,590.012,595.187,Mhm,sale,3,True
778,1,605.538,610.714,Mhm,sale,3,True
778,0,621.065,626.24,Oh,sale,2,True
778,0,641.767,646.942,Okay,sale,4,True
778,0,662.469,667.645,Uh,sale,2,True
778,0,672.82,677.996,huh,sale,3,True
778,0,683.171,688.347,mm,sale,2,True
780,0,0.0,8.614,Okay,sale,4,True
780,1,8.614,17.228,Yeah,sale,4,True
780,1,25.842,34.456,okay,sale,4,True
780,0,86.141,94.755,Yeah,sale,4,True
780,0,103.369,111.984,mm,sale,2,True
780,0,120.598,129.212,Mhm,sale,3,True
780,0,137.826,146.44,Yeah,sale,4,True
780,0,172.282,180.896,Mhm,sale,3,True
780,0,189.511,198.125,Mhm,sale,3,True
780,0,206.739,215.353,Yeah,sale,4,True
780,0,258.424,267.038,Mhm,sale,3,True
780,0,275.652,284.266,Yeah,sale,4,True
780,0,310.108,318.722,Mhm,sale,3,True
780,1,318.722,327.336,I,sale,1,True
780,0,327.336,335.951,I,sale,1,True
780,1,335.951,344.565,well,sale,4,True
780,0,379.021,387.635,Mm,sale,2,True
780,0,396.249,404.864,Yeah,sale,4,True
786,1,0.0,9.863,Hello,no sale,5,True
786,0,9.863,19.725,Hello,no sale,5,True
786,0,29.588,39.451,Um,no sale,2,True
786,1,78.902,88.764,so,no sale,2,True
786,0,88.764,98.627,Oh,no sale,2,True
786,1,138.078,147.941,Yeah,no sale,4,True
786,0,187.391,197.254,230,no sale,3,True
786,0,207.117,216.979,Uh,no sale,2,True
786,1,236.705,246.568,Yeah,no sale,4,True
786,0,305.744,315.606,Mhm,no sale,3,True
788,1,6.212,8.283,you,no sale,3,True
788,1,10.354,12.424,Mhm,no sale,3,True
788,1,18.637,20.707,mm,no sale,2,True
788,1,22.778,24.849,Yeah,no sale,4,True
788,1,26.919,28.99,mm,no sale,2,True
788,0,33.132,35.202,Yeah,no sale,4,True
788,1,39.344,41.414,Yes,no sale,3,True
788,1,43.485,45.556,Mhm,no sale,3,True
788,1,47.627,49.697,mm,no sale,2,True
788,1,51.768,53.839,Mhm,no sale,3,True
788,0,53.839,55.91,Um,no sale,2,True
788,0,57.98,60.051,Mhm,no sale,3,True
788,0,62.122,64.192,If,no sale,2,True
788,1,72.475,74.546,Yes,no sale,3,True
788,1,80.758,82.829,Yeah,no sale,4,True
788,1,84.9,86.97,mm,no sale,2,True
788,1,93.183,95.253,has,no sale,3,True
788,1,97.324,99.395,mm,no sale,2,True
788,1,101.466,103.536,mm,no sale,2,True
788,1,113.89,115.961,but,no sale,3,True
788,0,124.243,126.314,Yeah,no sale,4,True
788,0,132.526,134.597,Yeah,no sale,4,True
788,0,136.668,138.739,Mhm,no sale,3,True
788,1,147.021,149.092,not,no sale,3,True
788,0,161.517,163.587,for,no sale,3,True
788,0,173.941,176.012,Mhm,no sale,3,True
788,1,196.719,198.79,Mm,no sale,2,True
788,1,200.86,202.931,but,no sale,3,True
788,0,219.497,221.568,ah,no sale,2,True
788,1,221.568,223.638,Mhm,no sale,3,True
788,1,225.709,227.78,mm,no sale,2,True
788,1,229.85,231.921,I,no sale,1,True
788,0,236.063,238.133,and,no sale,3,True
788,0,248.487,250.558,And,no sale,3,True
788,1,254.699,256.77,Yeah,no sale,4,True
788,1,258.841,260.911,Uh,no sale,2,True
788,1,262.982,265.053,huh,no sale,3,True
788,1,267.123,269.194,Mm,no sale,2,True
788,1,271.265,273.336,I,no sale,1,True
788,0,273.336,275.406,lie,no sale,3,True
788,0,277.477,279.548,Oh,no sale,2,True
788,0,281.619,283.689,Oh,no sale,2,True
788,1,283.689,285.76,Oh,no sale,2,True
788,0,285.76,287.831,yeah,no sale,4,True
788,0,289.901,291.972,Yeah,no sale,4,True
788,0,294.043,296.114,Mhm,no sale,3,True
788,0,298.184,300.255,I,no sale,1,True
788,0,310.609,312.679,But,no sale,3,True
788,1,316.821,318.892,Okay,no sale,4,True
788,0,318.892,320.962,out,no sale,3,True
788,1,320.962,323.033,Yeah,no sale,4,True
788,1,325.104,327.174,No,no sale,2,True
788,1,333.387,335.457,I,no sale,1,True
788,0,352.023,354.094,one,no sale,3,True
788,0,360.306,362.377,Yeah,no sale,4,True
788,0,364.448,366.518,Mhm,no sale,3,True
788,1,391.367,393.438,mm,no sale,2,True
788,0,393.438,395.508,Go,no sale,2,True
788,1,395.508,397.579,hmm,no sale,3,True
788,1,403.791,405.862,Mm,no sale,2,True
788,0,405.862,407.933,Yeah,no sale,4,True
788,0,410.003,412.074,Mhm,no sale,3,True
788,0,414.145,416.216,Yeah,no sale,4,True
788,1,420.357,422.428,28,no sale,2,True
788,0,426.569,428.64,28,no sale,2,True
792,1,9.96,19.92,Hi,sale,2,True
792,0,19.92,29.88,Okay,sale,4,True
792,0,119.52,129.48,Yes,sale,3,True
799,1,0.0,5.094,Hi,no sale,2,True
799,1,20.374,25.468,I'm,no sale,3,True
799,0,45.842,50.935,All,no sale,3,True
799,1,50.935,56.029,wow,no sale,3,True
799,0,56.029,61.122,right,no sale,5,True
799,1,81.496,86.59,Yeah,no sale,4,True
799,1,91.683,96.777,Yeah,no sale,4,True
799,0,106.964,112.057,Mhm,no sale,3,True
799,1,122.244,127.338,Mhm,no sale,3,True
799,1,132.431,137.525,Yeah,no sale,4,True
799,1,142.618,147.712,Mhm,no sale,3,True
799,0,157.899,162.992,Well,no sale,4,True
799,1,173.179,178.273,to,no sale,2,True
799,0,178.273,183.366,is,no sale,2,True
799,1,224.115,229.208,Yeah,no sale,4,True
799,1,234.302,239.395,I,no sale,1,True
799,0,259.769,264.863,out,no sale,3,True
799,0,269.956,275.05,Right,no sale,5,True
799,0,280.143,285.237,So,no sale,2,True
799,0,310.704,315.798,right,no sale,5,True
799,0,331.078,336.172,to,no sale,2,True
801,0,15.827,19.784,Mhm,sale,3,True
801,0,39.568,43.525,Yeah,sale,4,True
801,0,55.396,59.353,Yeah,sale,4,True
801,0,79.137,83.094,Yeah,sale,4,True
801,0,87.051,91.007,Mhm,sale,3,True
801,1,130.576,134.533,No,sale,2,True
801,1,138.489,142.446,no,sale,2,True
801,1,146.403,150.36,no,sale,2,True
801,0,158.274,162.231,Mhm,sale,3,True
801,1,170.144,174.101,Yeah,sale,4,True
801,0,182.015,185.972,Right,sale,5,True
801,0,189.928,193.885,now,sale,3,True
801,0,205.756,209.713,Uh,sale,2,True
801,1,217.626,221.583,Okay,sale,4,True
801,1,225.54,229.497,Okay,sale,4,True
801,1,233.454,237.411,Well,sale,4,True
801,0,237.411,241.367,So,sale,2,True
801,1,257.195,261.152,But,sale,3,True
801,0,276.979,280.936,And,sale,3,True
801,0,284.893,288.849,if,sale,2,True
801,1,312.591,316.547,Okay,sale,4,True
801,1,320.504,324.461,Right,sale,5,True
801,0,340.288,344.245,Yeah,sale,4,True
801,1,352.159,356.116,mm,sale,2,True
801,0,364.029,367.986,okay,sale,4,True
801,0,395.684,399.641,Yeah,sale,4,True
801,0,411.512,415.468,Mhm,sale,3,True
801,1,431.296,435.253,Yeah,sale,4,True
806,0,4.92,9.84,Okay,sale,4,True
806,0,24.6,29.52,okay,sale,4,True
806,1,49.2,54.12,Yeah,sale,4,True
806,1,59.04,63.96,I,sale,1,True
806,1,78.72,83.64,Mhm,sale,3,True
806,0,93.48,98.4,Mhm,sale,3,True
806,0,103.32,108.24,Yeah,sale,4,True
806,0,113.16,118.08,Mhm,sale,3,True
806,0,123.0,127.92,Mhm,sale,3,True
806,0,142.68,147.6,Yeah,sale,4,True
806,1,167.28,172.2,yeah,sale,4,True
806,0,172.2,177.12,Yeah,sale,4,True
806,1,186.96,191.88,Yeah,sale,4,True
807,1,10.133,20.267,mhm,no sale,3,True
807,1,70.933,81.067,Yeah,no sale,4,True
807,1,91.2,101.333,Yeah,no sale,4,True
807,0,243.2,253.333,Um,no sale,2,True
807,1,253.333,263.467,238,no sale,3,True
807,0,263.467,273.6,Two,no sale,3,True
807,0,324.267,334.4,Okay,no sale,4,True
807,1,354.667,364.8,Oh,no sale,2,True
807,1,374.933,385.067,yeah,no sale,4,True
813,0,0.0,4.279,Hello,no sale,5,True
813,1,4.279,8.558,Hello,no sale,5,True
813,1,47.071,51.35,Uh,no sale,2,True
813,0,59.908,64.187,Okay,no sale,4,True
813,1,89.862,94.141,Can,no sale,3,True
813,1,98.42,102.7,you,no sale,3,True
813,1,115.537,119.816,Okay,no sale,4,True
813,1,124.095,128.374,Okay,no sale,4,True
813,1,132.654,136.933,Yeah,no sale,4,True
813,0,154.049,158.329,I'm,no sale,3,True
813,0,179.724,184.003,28,no sale,2,True
813,0,188.283,192.562,Yeah,no sale,4,True
833,1,14.142,21.213,Okay,no sale,4,True
833,1,42.426,49.497,yeah,no sale,4,True
833,0,49.497,56.568,Yeah,no sale,4,True
833,1,98.994,106.065,Mhm,no sale,3,True
836,0,0.0,5.826,Hi,sale,2,True
836,0,11.652,17.479,Oh,sale,2,True
836,1,17.479,23.305,Okay,sale,4,True
836,1,29.131,34.957,Yeah,sale,4,True
836,1,40.784,46.61,Yeah,sale,4,True
836,0,58.262,64.089,Uh,sale,2,True
836,1,64.089,69.915,I'd,sale,3,True
836,0,69.915,75.741,Huh,sale,3,True
836,0,81.567,87.394,Okay,sale,4,True
836,1,87.394,93.22,Um,sale,2,True
836,0,93.22,99.046,Um,sale,2,True
836,1,99.046,104.872,Yeah,sale,4,True
836,1,110.698,116.525,Mhm,sale,3,True
836,1,122.351,128.177,I,sale,1,True
836,1,134.003,139.83,um,sale,2,True
836,0,151.482,157.308,Yeah,sale,4,True
836,0,163.135,168.961,Yeah,sale,4,True
836,0,209.744,215.571,Um,sale,2,True
836,1,215.571,221.397,Mhm,sale,3,True
836,1,250.528,256.354,I,sale,1,True
836,0,256.354,262.181,Mm,sale,2,True
836,0,268.007,273.833,hmm,sale,3,True
836,1,297.138,302.964,Yes,sale,3,True
836,1,308.79,314.617,but,sale,3,True
836,0,326.269,332.095,it,sale,2,True
836,0,337.922,343.748,right,sale,5,True
836,1,355.4,361.226,Oh,sale,2,True
836,0,372.879,378.705,Mhm,sale,3,True
836,1,390.358,396.184,Mhm,sale,3,True
836,1,425.315,431.141,Mhm,sale,3,True
